,PlayerId,Name,Team,Catcher,First Base,Second Base,Third Base,Shortstop,Left Field,Center Field,Right Field,Designated Hitter,H,AB,R,2B,3B,HR,XBH,RBI,BB,SB,AVG,OBP,SLG,H_zscore,AB_zscore,R_zscore,2B_zscore,3B_zscore,HR_zscore,XBH_zscore,RBI_zscore,BB_zscore,SB_zscore,AVG_zscore,OBP_zscore,SLG_zscore,Zscore
0,3280,Mike Trout,LAA,,,,,,,1.0,,,176.0,594.0,113.0,35.0,9.0,32.0,76.0,97.0,88.0,20.0,0.29600000000000004,0.39,0.547,1.418832330318704,1.034667698582106,2.6821947783400812,1.1658338143247573,2.3985015535127996,2.0622592052170403,2.3302774200394247,1.833476648645389,2.3620723695015067,0.9229823786368194,1.2075384161894116,1.8498747697428946,2.1873798478029007,23.455891230853837
1,1643,Andrew McCutchen,Pit,,,,,,,1.0,,,179.0,576.0,96.0,36.0,6.0,27.0,69.0,84.0,79.0,21.0,0.311,0.39899999999999997,0.535,1.5111641522483377,0.8632641997005172,1.7264365987521424,1.2904952572593977,1.2032349986060888,1.4481991750785694,1.8231283732704915,1.1862032282567823,1.882798960593725,1.0188069611364892,1.7883091050069406,2.119431031119845,1.977565947578809,19.839037988608137
2,2971,Giancarlo Stanton,Mia,,,,,,,,1.0,,155.0,562.0,92.0,33.0,1.0,40.0,74.0,106.0,93.0,9.0,0.276,0.381,0.552,0.7725095768112683,0.7299503672370592,1.5015523212020392,0.9165109284554765,-0.7888759262384291,3.0447552534385935,2.185377692391158,2.2815890166067323,2.628335374450274,-0.13108802885954832,0.43317749776603676,1.5803185083659426,2.274802306229606,17.428914887856212
3,3486,Paul Goldschmidt,Ari,,1.0,,,,,,,,173.0,582.0,102.0,48.0,2.0,29.0,79.0,101.0,90.0,15.0,0.297,0.391,0.536,1.3265005083890704,0.9203986993277133,2.063763015077297,2.786432572475083,-0.39045374126952553,1.6938231871339577,2.5476270115118247,2.0326377010726526,2.4685775714810134,0.44385946613847044,1.2462564621105783,1.8798254654514448,1.99505043926415,21.01429835816373
4,1697,Carlos Gomez,Mil,,,,,,,1.0,,,162.0,584.0,95.0,32.0,6.0,26.0,64.0,73.0,44.0,40.0,0.27699999999999997,0.34299999999999997,0.486,0.9879504946470802,0.9394435325367788,1.6702155293646166,0.7918494855208361,1.2032349986060888,1.3253871690508752,1.4608790541498247,0.6385103340818072,0.018957925952352336,2.839474028630215,0.4718955436872034,0.44219207144103356,1.120825854997101,13.910816022665813
5,897,Miguel Cabrera,Det,,1.0,,,,,,,1.0,176.0,554.0,94.0,42.0,1.0,29.0,72.0,109.0,63.0,2.0,0.318,0.386,0.5539999999999999,1.418832330318704,0.6537710344007975,1.6139944599770908,2.0384639148672403,-0.7888759262384291,1.6938231871339577,2.0404779647428914,2.43095980592718,1.030757344757669,-0.8018601063572369,2.059335426455122,1.7300719869086936,2.3097712896002855,17.429522712493966
6,961,Jose Bautista,Tor,,,,,,,,1.0,,150.0,541.0,100.0,28.0,0.0,34.0,62.0,94.0,97.0,7.0,0.27699999999999997,0.39,0.518,0.6186232069285454,0.5299796185418724,1.9513208763022456,0.29320371378227433,-1.1872981112073326,2.307883217272429,1.315979326501558,1.6841058593249414,2.841345778409288,-0.3227371938588879,0.4718955436872034,1.8498747697428946,1.6803295889280123,14.034506194355044
7,969,Edwin Encarnacion,Tor,,1.0,,,,,,,1.0,147.0,545.0,87.0,30.0,2.0,36.0,68.0,102.0,78.0,6.0,0.27,0.365,0.53,0.5262913849989118,0.5680692849600032,1.2204469742644102,0.5425265996515553,-0.39045374126952553,2.553507229327817,1.7506785094463582,2.0824279641794687,1.8295463596039716,-0.4185617763585577,0.2008692222390243,1.1011073770291389,1.890143489152104,13.45659887722468
8,5600,Jose Abreu,CWS,,1.0,,,,,,,1.0,171.0,597.0,78.0,31.0,1.0,34.0,66.0,100.0,55.0,3.0,0.28600000000000003,0.355,0.513,1.2649459604359812,1.063234948395704,0.7144573497766779,0.6671880425861957,-0.7888759262384291,2.307883217272429,1.6057787817980913,1.982847437965837,0.6047365368396409,-0.7060355238575671,0.8203579569777242,0.8016004199436364,1.5929071305013074,11.931026332397229
9,1139,Robinson Cano,Sea,,,1.0,,,,,,,182.0,597.0,87.0,39.0,1.0,19.0,59.0,90.0,63.0,8.0,0.305,0.375,0.469,1.6034959741779713,1.063234948395704,1.2204469742644102,1.664479586063319,-0.7888759262384291,0.4657031268570162,1.098629735029158,1.4849448068976778,1.030757344757669,-0.2269126113592181,1.5560008294799283,1.400614334114641,0.8235894963463043,12.396108618786153
10,3215,Anthony Rizzo,ChC,,1.0,,,,,,,,164.0,588.0,91.0,34.0,1.0,34.0,69.0,89.0,74.0,6.0,0.27899999999999997,0.369,0.514,1.0495050426001693,0.9775331989549096,1.4453312518145134,1.0411723713901169,-0.7888759262384291,2.307883217272429,1.8231283732704915,1.435154543790862,1.6165359556449574,-0.4185617763585577,0.5493316355295409,1.2209101598633396,1.6103916221866486,13.869439669720991
11,1452,Troy Tulowitzki,Col,,,,,1.0,,,,,145.0,462.0,88.0,25.0,1.0,27.0,53.0,75.0,65.0,2.0,0.314,0.401,0.5479999999999999,0.4647368370458227,-0.22229129321621147,1.276668043651936,-0.08078061502164696,-0.7888759262384291,1.4481991750785694,0.663930552084358,0.738090860295439,1.137262546737176,-0.8018601063572369,1.9044632427704469,2.1793324225369473,2.20486433948824,10.123740078855409
12,1418,Adam Jones,Bal,,,,,,,1.0,,,178.0,639.0,93.0,32.0,2.0,32.0,66.0,93.0,23.0,10.0,0.27899999999999997,0.313,0.485,1.480386878271793,1.4631764457860776,1.557773390589565,0.7918494855208361,-0.39045374126952553,2.0622592052170403,1.6057787817980913,1.6343155962181255,-1.0993466948324713,-0.03526344635987852,0.5493316355295409,-0.4563287998154718,1.10334136331176,10.26682009996548
13,5068,Yasiel Puig,LAD,,,,,,,1.0,1.0,,166.0,586.0,93.0,34.0,8.0,23.0,65.0,91.0,69.0,13.0,0.28300000000000003,0.37,0.486,1.1110595905532583,0.9584883657458442,1.557773390589565,1.0411723713901169,2.000079368543896,0.9569511509677928,1.533328917973958,1.5347350700044937,1.35027295069619,0.2522103011391309,0.7042038192142179,1.2508608555718899,1.120825854997101,15.371962007387454
14,386,Adrian Beltre,Tex,,,,1.0,,,,,,177.0,562.0,80.0,32.0,1.0,24.0,57.0,79.0,50.0,1.0,0.315,0.37200000000000005,0.504,1.4496096042952487,0.7299503672370592,0.8268994885517295,0.7918494855208361,-0.7888759262384291,1.0797631569954869,0.9537300073808913,0.9372519127227027,0.33847353189087337,-0.8976846888569067,1.9431812886916158,1.3107622469889921,1.4355467053332387,10.110457180513338
15,2487,Freddie Freeman,Atl,,1.0,,,,,,,,174.0,596.0,96.0,40.0,3.0,21.0,64.0,90.0,83.0,2.0,0.292,0.38299999999999995,0.475,1.3572777823656148,1.0537125317911713,1.7264365987521424,1.7891410289979595,0.007968443699378078,0.7113271389124045,1.4608790541498247,1.4849448068976778,2.095809364552739,-0.8018601063572369,1.0526662325047345,1.6402198997830413,0.9284964464583502,14.5070192225078
16,4144,Jose Altuve,Hou,,,1.0,,,,,,,197.0,641.0,80.0,39.0,3.0,7.0,49.0,50.0,38.0,46.0,0.307,0.348,0.41,2.0651550838261397,1.482221278995143,0.8268994885517295,1.664479586063319,0.007968443699378078,-1.0080409454753136,0.37413109678782464,-0.5066657173749588,-0.3005576799861687,3.414421523628234,1.6334369213222657,0.5919455499837848,-0.20799551308881253,10.037399116932564
17,2318,Michael Brantley,Cle,,,,,,1.0,1.0,,,186.0,606.0,84.0,42.0,3.0,16.0,61.0,83.0,52.0,20.0,0.307,0.364,0.465,1.7266050700841495,1.1489366978364983,1.0517837661018328,2.0384639148672403,0.007968443699378078,0.09726710877393374,1.2435294626774247,1.1364129651499664,0.4449787338703804,0.9229823786368194,1.6334369213222657,1.0711566813205886,0.7536515296049414,13.27717367394542
18,2215,Ian Desmond,Wsh,,,,,1.0,,,,,162.0,595.0,76.0,31.0,3.0,25.0,59.0,86.0,43.0,23.0,0.272,0.325,0.461,0.9879504946470802,1.0441901151866386,0.6020152110016262,0.6671880425861957,0.007968443699378078,1.2025751630231811,1.098629735029158,1.285783754470414,-0.03429467503740117,1.2104561261358289,0.2783053140813618,-0.09692045131286897,0.6837135628635774,8.93756083637417
19,1659,Ryan Braun,Mil,,,,,,,,1.0,,160.0,551.0,81.0,33.0,6.0,27.0,66.0,90.0,49.0,10.0,0.29,0.353,0.519,0.9263959466939911,0.6252037845871995,0.8831205579392553,0.9165109284554765,1.2032349986060888,1.4481991750785694,1.6057787817980913,1.4849448068976778,0.2852209309011199,-0.03526344635987852,0.9752301406623971,0.7416990285265359,1.6978140806133533,12.758089714399878
20,2380,Buster Posey,SF,1.0,1.0,,,,,,,,165.0,536.0,75.0,31.0,2.0,21.0,54.0,85.0,57.0,1.0,0.308,0.374,0.491,1.080282316576714,0.48236753551920886,0.5457941416141004,0.6671880425861957,-0.39045374126952553,0.7113271389124045,0.7363804159084913,1.2359934913635982,0.7112417388191479,-0.8976846888569067,1.6721549672434346,1.3706636384060908,1.208248313423806,9.13350331024676
21,1579,Jacoby Ellsbury,NYY,,,,,,,1.0,,,162.0,583.0,90.0,27.0,5.0,14.0,46.0,60.0,49.0,43.0,0.278,0.33399999999999996,0.413,0.9879504946470802,0.9299211159322461,1.3891101824269876,0.1685422708476339,0.8048128136371853,-0.14835690328145457,0.15678150531542465,-0.008763086306799697,0.2852209309011199,3.126947776129225,0.5106135896083742,0.1726358100640815,-0.1555420380327896,8.219874461888313
22,1130,Hanley Ramirez,Bos,,,,,1.0,,,,,149.0,504.0,80.0,38.0,1.0,20.0,59.0,79.0,61.0,17.0,0.29600000000000004,0.377,0.494,0.5878459329520009,0.17765020417416225,0.8268994885517295,1.5398181431286786,-0.7888759262384291,0.5885151328847104,1.098629735029158,0.9372519127227027,0.9242521427781619,0.6355086311378101,1.2075384161894116,1.4605157255317416,1.2607017884798288,10.456251327321667
23,2197,Josh Donaldson,Tor,,,,1.0,,,,,,157.0,585.0,92.0,33.0,3.0,31.0,67.0,94.0,69.0,5.0,0.268,0.35,0.494,0.8340641247643574,0.9489659491413115,1.5015523212020392,0.9165109284554765,0.007968443699378078,1.939447199189346,1.6782286456222248,1.6841058593249414,1.35027295069619,-0.5143863588582275,0.12343313039668678,0.6518469414008853,1.2607017884798288,12.382711923514439
24,1762,Justin Upton,SD,,,,,,1.0,,,,150.0,558.0,87.0,31.0,4.0,23.0,58.0,87.0,69.0,10.0,0.26899999999999996,0.35200000000000004,0.462,0.6186232069285454,0.6918607008189284,1.2204469742644102,0.6671880425861957,0.4063906286682817,0.9569511509677928,1.0261798712050247,1.33557401757723,1.35027295069619,-0.03526344635987852,0.1621511763178534,0.7117483328179873,0.7011980545489185,9.813321661037477
25,4165,Corey Dickerson,Col,,,,,,1.0,,,,148.0,492.0,83.0,29.0,10.0,24.0,63.0,73.0,38.0,8.0,0.301,0.349,0.547,0.5570686589754563,0.06338120491976976,0.9955626967143069,0.41786515671691477,2.796923738481703,1.0797631569954869,1.3884291903256913,0.6385103340818072,-0.3005576799861687,-0.2269126113592181,1.4011286457952532,0.621896245692335,2.1873798478029007,11.62043858515624
26,3390,Bryce Harper,Wsh,,,,,,1.0,,,,157.0,564.0,87.0,24.0,5.0,26.0,55.0,71.0,68.0,10.0,0.278,0.35700000000000004,0.47700000000000004,0.8340641247643574,0.7489952004461247,1.2204469742644102,-0.2054420579562874,0.8048128136371853,1.3253871690508752,0.8088302797326247,0.5389298078681753,1.2970203497064365,-0.03526344635987852,0.5106135896083742,0.8615018113607386,0.9634654298290332,9.67336204595217
27,3274,Starling Marte,Pit,,,,,,1.0,1.0,,,156.0,560.0,87.0,29.0,9.0,14.0,52.0,55.0,33.0,36.0,0.27899999999999997,0.34,0.43799999999999994,0.8032868507878128,0.7109055340279938,1.2204469742644102,0.41786515671691477,2.3985015535127996,-0.14835690328145457,0.5914806882602247,-0.2577144018408793,-0.5668206849349362,2.456175698631536,0.5493316355295409,0.35233998431538455,0.28157025410073394,8.809012340090081
28,1581,Evan Longoria,TB,,,,1.0,,,,,,164.0,610.0,84.0,31.0,1.0,26.0,58.0,88.0,60.0,3.0,0.26899999999999996,0.337,0.451,1.0495050426001693,1.1870263642546293,1.0517837661018328,0.6671880425861957,-0.7888759262384291,1.3253871690508752,1.0261798712050247,1.3853642806840458,0.8709995417884084,-0.7060355238575671,0.1621511763178534,0.26248789718973387,0.5088686460101677,8.00203034769294
29,850,Jose Reyes,Tor,,,,,1.0,,,,,176.0,613.0,90.0,36.0,4.0,11.0,51.0,51.0,45.0,30.0,0.287,0.335,0.413,1.418832330318704,1.2155936140682273,1.3891101824269876,1.2904952572593977,0.4063906286682817,-0.516792921364537,0.5190308244360914,-0.4568754542681429,0.07221052694210585,1.8812282036335173,0.8590760028988909,0.20258650577263337,-0.1555420380327896,8.125343662759368
30,4551,George Springer,Hou,,,,,,,,1.0,,129.0,536.0,91.0,19.0,3.0,31.0,53.0,89.0,72.0,16.0,0.24100000000000002,0.34299999999999997,0.461,-0.027699546578890278,0.48236753551920886,1.4453312518145134,-0.8287492726294896,0.007968443699378078,1.939447199189346,0.663930552084358,1.435154543790862,1.5100307536654505,0.5396840486381402,-0.9219541094748683,0.44219207144103356,0.6837135628635774,7.371417034022619
31,725,Victor Martinez,Det,,1.0,,,,,,,1.0,170.0,545.0,71.0,31.0,0.0,21.0,52.0,81.0,58.0,2.0,0.312,0.37799999999999995,0.484,1.2341686864594366,0.5680692849600032,0.3209098640639972,0.6671880425861957,-1.1872981112073326,0.7113271389124045,0.5914806882602247,1.0368324389363346,0.7644943398089015,-0.8018601063572369,1.8270271509281095,1.49046642124029,1.085856871626419,8.308662710217748
32,4553,Yoenis Cespedes,Det,,,,,,1.0,,,1.0,155.0,581.0,88.0,33.0,9.0,23.0,65.0,97.0,41.0,6.0,0.267,0.316,0.473,0.7725095768112683,0.9108762827231807,1.276668043651936,0.9165109284554765,2.3985015535127996,0.9569511509677928,1.533328917973958,1.833476648645389,-0.1407998770169082,-0.4185617763585577,0.08471508447551804,-0.36647671268982107,0.8935274630876683,10.651227284239699
33,613,Albert Pujols,LAA,,1.0,,,,,,,1.0,159.0,580.0,79.0,35.0,1.0,26.0,62.0,93.0,47.0,5.0,0.27399999999999997,0.33,0.47200000000000003,0.8956186727174466,0.901353866118648,0.7706784191642037,1.1658338143247573,-0.7888759262384291,1.3253871690508752,1.315979326501558,1.6343155962181255,0.17871572892161286,-0.5143863588582275,0.35574140592369713,0.0528330272298822,0.8760429714023282,8.169237712476477
34,1600,Carlos Gonzalez,Col,,,,,,1.0,,,,136.0,499.0,80.0,29.0,4.0,26.0,59.0,77.0,46.0,17.0,0.273,0.335,0.503,0.18774137125692164,0.1300381211514987,0.8268994885517295,0.41786515671691477,0.4063906286682817,1.3253871690508752,1.098629735029158,0.8376713865090709,0.12546312793185935,0.6355086311378101,0.3170233600025305,0.20258650577263337,1.4180622136478978,7.929266895427182
35,4573,Anthony Rendon*,Wsh,,,1.0,1.0,,,,,,155.0,539.0,89.0,35.0,6.0,19.0,60.0,69.0,54.0,12.0,0.28800000000000003,0.355,0.48100000000000004,0.7725095768112683,0.510934785332807,1.3328891130394618,1.1658338143247573,1.2032349986060888,0.4657031268570162,1.1710795988532914,0.43934928165454357,0.5514839358498874,0.15638571863946107,0.8977940488200618,0.8016004199436364,1.033403396570397,10.502201815302676
36,846,Adrian Gonzalez,LAD,,1.0,,,,,,,,169.0,591.0,77.0,38.0,0.0,22.0,60.0,102.0,49.0,1.0,0.28600000000000003,0.337,0.462,1.2033914124828922,1.0061004487685077,0.658236280389152,1.5398181431286786,-1.1872981112073326,0.8341391449400987,1.1710795988532914,2.0824279641794687,0.2852209309011199,-0.8976846888569067,0.8203579569777242,0.26248789718973387,0.7011980545489185,8.479475032295346
37,1132,Ian Kinsler,Det,,,1.0,,,,,,,172.0,623.0,94.0,40.0,3.0,16.0,59.0,77.0,39.0,14.0,0.276,0.32299999999999995,0.42700000000000005,1.2957232344125258,1.3108177801135543,1.6139944599770908,1.7891410289979595,0.007968443699378078,0.09726710877393374,1.098629735029158,0.8376713865090709,-0.24730507899641518,0.3480348836388007,0.43317749776603676,-0.1568218427299711,0.0892408455619851,8.517539482753106
38,343,David Ortiz,Bos,,,,,,,,,1.0,140.0,508.0,70.0,31.0,0.0,30.0,61.0,92.0,69.0,1.0,0.276,0.361,0.514,0.3108504671630999,0.21573987059229308,0.2646887946764714,0.6671880425861957,-1.1872981112073326,1.8166351931616518,1.2435294626774247,1.5845253331113096,1.35027295069619,-0.8976846888569067,0.43317749776603676,0.9813045941949378,1.6103916221866486,8.39332102874802
39,1393,Matt Kemp,SD,,,,,,1.0,1.0,1.0,,155.0,549.0,75.0,33.0,5.0,21.0,59.0,75.0,57.0,11.0,0.282,0.34700000000000003,0.475,0.7725095768112683,0.606158951378134,0.5457941416141004,0.9165109284554765,0.8048128136371853,0.7113271389124045,1.098629735029158,0.738090860295439,0.7112417388191479,0.06056113613979128,0.665485773293047,0.5619948542752362,0.9284964464583502,9.121614095118739
40,978,Prince Fielder,Tex,,1.0,,,,,,,,159.0,557.0,76.0,33.0,0.0,21.0,54.0,87.0,79.0,1.0,0.285,0.381,0.45799999999999996,0.8956186727174466,0.6823382842143957,0.6020152110016262,0.9165109284554765,-1.1872981112073326,0.7113271389124045,0.7363804159084913,1.33557401757723,1.882798960593725,-0.8976846888569067,0.7816399110565533,1.5803185083659426,0.6312600878075535,8.670799336546606
41,3504,Billy Hamilton,Cin,,,,,,,1.0,,,151.0,590.0,81.0,23.0,7.0,6.0,36.0,47.0,39.0,62.0,0.256,0.302,0.349,0.6494004809050901,0.996578032163975,0.8831205579392553,-0.3301035008909278,1.6016571835749922,-1.1308529515030077,-0.5677171329259088,-0.6560365066954066,-0.24730507899641518,4.947614843622951,-0.34118342065733814,-0.7857864526095244,-1.2745495058946115,3.7448365480331227
42,1165,Nelson Cruz,Sea,,,,,,1.0,,,1.0,155.0,591.0,74.0,35.0,2.0,27.0,64.0,87.0,45.0,5.0,0.262,0.317,0.465,0.7725095768112683,1.0061004487685077,0.48957307222657465,1.1658338143247573,-0.39045374126952553,1.4481991750785694,1.4608790541498247,1.33557401757723,0.07221052694210585,-0.5143863588582275,-0.10887514513032569,-0.3365260169812708,0.7536515296049414,7.1542899532444295
43,3256,Kyle Seager,Sea,,,,1.0,,,,,,158.0,597.0,73.0,30.0,3.0,25.0,58.0,84.0,56.0,9.0,0.265,0.33299999999999996,0.451,0.8648413987409019,1.063234948395704,0.43335200283904884,0.5425265996515553,0.007968443699378078,1.2025751630231811,1.0261798712050247,1.1862032282567823,0.6579891378293944,-0.13108802885954832,0.007278992633180549,0.14268511435553125,0.5088686460101677,7.512615517780302
44,3898,Kole Calhoun,LAA,,,,,,,,1.0,,161.0,592.0,91.0,35.0,7.0,20.0,62.0,72.0,47.0,9.0,0.272,0.327,0.456,0.9571732206705356,1.0156228653730404,1.4453312518145134,1.1658338143247573,1.6016571835749922,0.5885151328847104,1.315979326501558,0.5887200709749912,0.17871572892161286,-0.13108802885954832,0.2783053140813618,-0.0370190598957685,0.5962911044368726,9.564037924803628
45,3466,Jason Kipnis,Cle,,,1.0,,,,,,,153.0,580.0,78.0,30.0,2.0,13.0,45.0,67.0,66.0,28.0,0.264,0.33899999999999997,0.39,0.7109550288581792,0.901353866118648,0.7144573497766779,0.5425265996515553,-0.39045374126952553,-0.2711689093091487,0.08433164149129131,0.33976875544091173,1.1905151477269296,1.6895790386341776,-0.0314390532879882,0.32238928860683264,-0.5576853467956312,5.24512966564291
46,3468,Brian Dozier,Min,,,1.0,,,,,,,148.0,606.0,96.0,33.0,2.0,21.0,56.0,69.0,74.0,19.0,0.244,0.331,0.409,0.5570686589754563,1.1489366978364983,1.7264365987521424,0.9165109284554765,-0.39045374126952553,0.7113271389124045,0.881280143556758,0.43934928165454357,1.6165359556449574,0.8271577961371497,-0.8057999717113631,0.08278372293843243,-0.22548000477415353,7.485653205108775
47,2186,Chris Carter,Hou,,,,,,,,,1.0,125.0,530.0,75.0,24.0,1.0,36.0,61.0,90.0,66.0,4.0,0.23600000000000002,0.32299999999999995,0.489,-0.1508086424850685,0.4252330358920126,0.5457941416141004,-0.2054420579562874,-0.7888759262384291,2.553507229327817,1.2435294626774247,1.4849448068976778,1.1905151477269296,-0.6102109413578973,-1.115544339080712,-0.1568218427299711,1.173279330053124,5.589099404340722
48,1981,Chris Davis,Bal,,1.0,,1.0,,,,,,117.0,485.0,75.0,24.0,0.0,33.0,57.0,87.0,59.0,3.0,0.24100000000000002,0.332,0.495,-0.39702683429742497,-0.0032757113119591947,0.5457941416141004,-0.2054420579562874,-1.1872981112073326,2.1850712112447344,0.9537300073808913,1.33557401757723,0.817746940798655,-0.7060355238575671,-0.9219541094748683,0.11273441864698266,1.2781862801651698,3.807804669322323
49,3756,Christian Yelich,Mia,,,,,,1.0,,,,162.0,583.0,91.0,30.0,6.0,10.0,46.0,52.0,74.0,21.0,0.278,0.36,0.401,0.9879504946470802,0.9299211159322461,1.4453312518145134,0.5425265996515553,1.2032349986060888,-0.6396049273922312,0.15678150531542465,-0.407085191161327,1.6165359556449574,1.0188069611364892,0.5106135896083742,0.9513538984863876,-0.3653559382568804,7.951010314032678
0,2289,Todd Frazier,Cin,,1.0,,1.0,,,,,,153.0,588.0,79.0,26.0,3.0,24.0,53.0,79.0,53.0,12.0,0.26,0.32899999999999996,0.43700000000000006,0.7109550288581792,0.9775331989549096,0.7706784191642037,0.04388082791299347,0.007968443699378078,1.0797631569954869,0.663930552084358,0.9372519127227027,0.4982313348601339,0.15638571863946107,-0.1863112369726632,0.022882331521330304,0.2640857624153949,5.947235450855868
1,3734,Nolan Arenado,Col,,,,1.0,,,,,,172.0,589.0,74.0,44.0,3.0,19.0,66.0,75.0,32.0,3.0,0.292,0.33,0.474,1.2957232344125258,0.9870556155594423,0.48957307222657465,2.287786800736521,0.007968443699378078,0.4657031268570162,1.6057787817980913,0.738090860295439,-0.6200732859246897,-0.7060355238575671,1.0526662325047345,0.0528330272298822,0.9110119547730092,8.568082340310356
2,2659,Carlos Santana,Cle,,1.0,,1.0,,,,,1.0,146.0,548.0,75.0,31.0,1.0,24.0,56.0,83.0,108.0,4.0,0.266,0.38799999999999996,0.45799999999999996,0.49551411102236725,0.5966365347736013,0.5457941416141004,0.6671880425861957,-0.7888759262384291,1.0797631569954869,0.881280143556758,1.1364129651499664,3.4271243892965764,-0.6102109413578973,0.04599703855434929,1.7899733783257925,0.6312600878075535,9.897857122086421
3,2816,Jonathan Lucroy,Mil,1.0,,,,,,,,,169.0,570.0,71.0,44.0,4.0,16.0,64.0,75.0,59.0,4.0,0.29600000000000004,0.363,0.47200000000000003,1.2033914124828922,0.8061297000733209,0.3209098640639972,2.287786800736521,0.4063906286682817,0.09726710877393374,1.4608790541498247,0.738090860295439,0.817746940798655,-0.6102109413578973,1.2075384161894116,1.0412059856120384,0.8760429714023282,10.653168801888745
4,2194,Jason Heyward,StL,,,,,,,,1.0,,156.0,576.0,84.0,29.0,4.0,17.0,50.0,61.0,63.0,16.0,0.271,0.348,0.424,0.8032868507878128,0.8632641997005172,1.0517837661018328,0.41786515671691477,0.4063906286682817,0.2200791148016279,0.446580960611958,0.04102717680001622,1.030757344757669,0.5396840486381402,0.23958726816019302,0.5919455499837848,0.03678737050596118,6.68903943623471
5,1271,Dustin Pedroia,Bos,,,1.0,,,,,,,173.0,605.0,92.0,38.0,1.0,10.0,49.0,64.0,59.0,9.0,0.28600000000000003,0.348,0.402,1.3265005083890704,1.1394142812319656,1.5015523212020392,1.5398181431286786,-0.7888759262384291,-0.6396049273922312,0.37413109678782464,0.19039796612046397,0.817746940798655,-0.13108802885954832,0.8203579569777242,0.5919455499837848,-0.3478714465715394,6.394424435558457
6,1629,Hunter Pence*,SF,,,,,,,,1.0,,146.0,536.0,82.0,25.0,8.0,17.0,50.0,70.0,46.0,12.0,0.272,0.332,0.444,0.49551411102236725,0.48236753551920886,0.9393416273267811,-0.08078061502164696,2.000079368543896,0.2200791148016279,0.446580960611958,0.48913954476135946,0.12546312793185935,0.15638571863946107,0.2783053140813618,0.11273441864698266,0.3864772042127808,6.051687431077997
7,2808,Starlin Castro,ChC,,,,,1.0,,,,,170.0,607.0,74.0,33.0,3.0,18.0,54.0,73.0,36.0,11.0,0.28,0.326,0.433,1.2341686864594366,1.158459114441031,0.48957307222657465,0.9165109284554765,0.007968443699378078,0.34289112082932205,0.7363804159084913,0.6385103340818072,-0.4070628819656757,0.06056113613979128,0.5880496814507118,-0.06696975560431874,0.19414779567403,5.8931880917960555
8,5534,Mookie Betts,Bos,,,,,,,1.0,,,138.0,474.0,85.0,32.0,3.0,11.0,46.0,56.0,56.0,28.0,0.29100000000000004,0.36700000000000005,0.441,0.24929591921001076,-0.10802229396181898,1.1080048354893586,0.7918494855208361,0.007968443699378078,-0.516792921364537,0.15678150531542465,-0.20792413873406335,0.6579891378293944,1.6895790386341776,1.013948186583568,1.161008768446241,0.3340237291567579,6.337709695824728
9,997,Matt Holliday,StL,,,,,,1.0,,,,156.0,550.0,82.0,33.0,1.0,21.0,55.0,84.0,69.0,4.0,0.284,0.375,0.462,0.8032868507878128,0.6156813679826667,0.9393416273267811,0.9165109284554765,-0.7888759262384291,0.7113271389124045,0.8088302797326247,1.1862032282567823,1.35027295069619,-0.6102109413578973,0.7429218651353846,1.400614334114641,0.7011980545489185,8.777101758353355
10,4535,Kolten Wong,StL,,,1.0,,,,,,,156.0,577.0,83.0,23.0,5.0,14.0,42.0,56.0,33.0,28.0,0.27,0.315,0.4,0.8032868507878128,0.8727866163050498,0.9955626967143069,-0.3301035008909278,0.8048128136371853,-0.14835690328145457,-0.1330179499811087,-0.20792413873406335,-0.5668206849349362,1.6895790386341776,0.2008692222390243,-0.3964274083983713,-0.3828404299422214,3.201406222154474
11,1612,Joey Votto,Cin,,1.0,,,,,,,,144.0,499.0,82.0,36.0,1.0,19.0,56.0,59.0,116.0,5.0,0.289,0.424,0.479,0.43395956306927813,0.1300381211514987,0.9393416273267811,1.2904952572593977,-0.7888759262384291,0.4657031268570162,0.881280143556758,-0.05855334941361561,3.8531451972146042,-0.5143863588582275,0.9365120947412283,2.868198423833601,0.9984344131997142,11.435292333699605
12,3474,Matt Carpenter,StL,,,,1.0,,,,,,166.0,575.0,94.0,39.0,5.0,9.0,53.0,58.0,79.0,4.0,0.289,0.377,0.42100000000000004,1.1110595905532583,0.8537417830959845,1.6139944599770908,1.664479586063319,0.8048128136371853,-0.7624169334199253,0.663930552084358,-0.10834361252043152,1.882798960593725,-0.6102109413578973,0.9365120947412283,1.4605157255317416,-0.01566610455006079,9.495207974429578
13,1872,Jay Bruce,Cin,,,,,,,,1.0,,136.0,552.0,81.0,32.0,2.0,24.0,58.0,83.0,53.0,9.0,0.24600000000000002,0.312,0.442,0.18774137125692164,0.6347262011917322,0.8831205579392553,0.7918494855208361,-0.39045374126952553,1.0797631569954869,1.0261798712050247,1.1364129651499664,0.4982313348601339,-0.13108802885954832,-0.7283638798690245,-0.486279495524022,0.3515082208420988,4.853348019439334
14,1863,Alexei Ramirez,CWS,,,,,1.0,,,,,173.0,628.0,75.0,34.0,2.0,12.0,48.0,64.0,23.0,24.0,0.275,0.305,0.39299999999999996,1.3265005083890704,1.358429863136218,0.5457941416141004,1.0411723713901169,-0.39045374126952553,-0.3939809153368429,0.3016812329636913,0.19039796612046397,-1.0993466948324713,1.3062807086354986,0.394459451844868,-0.6959343654838737,-0.5052318717396093,3.3797686554317043
15,1578,Alex Gordon,KC,,,,,,1.0,,,,152.0,573.0,75.0,33.0,3.0,18.0,54.0,75.0,61.0,11.0,0.265,0.34299999999999997,0.428,0.6801777548816346,0.834696949886919,0.5457941416141004,0.9165109284554765,0.007968443699378078,0.34289112082932205,0.7363804159084913,0.738090860295439,0.9242521427781619,0.06056113613979128,0.007278992633180549,0.44219207144103356,0.10672533724732511,6.3435202958102535
16,3143,Dee Gordon,Mia,,,1.0,,,,,,,159.0,604.0,78.0,20.0,13.0,1.0,34.0,35.0,41.0,52.0,0.263,0.313,0.344,0.8956186727174466,1.129891864627433,0.7144573497766779,-0.7040878296948492,3.992190293388414,-1.7449129816414786,-0.7126168605741754,-1.2535196639771975,-0.1407998770169082,3.989369018626253,-0.07015709920915694,-0.4563287998154718,-1.3619719643213164,4.2771321228856705
17,2263,Devin Mesoraco,Cin,1.0,,,,,,,,,120.0,445.0,59.0,27.0,0.0,25.0,52.0,79.0,46.0,1.0,0.27,0.34700000000000003,0.499,-0.3046950123677913,-0.3841723754932675,-0.35374296858631243,0.1685422708476339,-1.1872981112073326,1.2025751630231811,0.5914806882602247,0.9372519127227027,0.12546312793185935,-0.8976846888569067,0.2008692222390243,0.5619948542752362,1.3481242469065338,2.0087083296947856
18,4066,Leonys Martin,Tex,,,,,,,1.0,,,158.0,585.0,90.0,20.0,6.0,11.0,37.0,52.0,44.0,37.0,0.27,0.324,0.381,0.8648413987409019,0.9489659491413115,1.3891101824269876,-0.7040878296948492,1.2032349986060888,-0.516792921364537,-0.4952672691017754,-0.407085191161327,0.018957925952352336,2.552000281131206,0.2008692222390243,-0.12687114702141922,-0.7150457719637,4.212829827930265
19,4149,Marcell Ozuna,Mia,,,,,,,1.0,,,155.0,593.0,76.0,28.0,5.0,21.0,54.0,86.0,41.0,6.0,0.261,0.309,0.43200000000000005,0.7725095768112683,1.0251452819775733,0.6020152110016262,0.29320371378227433,0.8048128136371853,0.7113271389124045,0.7363804159084913,1.285783754470414,-0.1407998770169082,-0.4185617763585577,-0.14759319105149443,-0.5761315826496727,0.17666330398868998,5.1247547834132945
20,3559,Manny Machado,Bal,,,,1.0,,,,,,164.0,581.0,76.0,34.0,2.0,18.0,54.0,69.0,35.0,6.0,0.282,0.326,0.441,1.0495050426001693,0.9108762827231807,0.6020152110016262,1.0411723713901169,-0.39045374126952553,0.34289112082932205,0.7363804159084913,0.43934928165454357,-0.46031548295542923,-0.4185617763585577,0.665485773293047,-0.06696975560431874,0.3340237291567579,4.785398472369423
21,1765,Brandon Moss,Cle,,1.0,,,,1.0,,1.0,,117.0,459.0,68.0,21.0,1.0,27.0,49.0,78.0,50.0,3.0,0.255,0.33799999999999997,0.48100000000000004,-0.39702683429742497,-0.2508585430298096,0.15224665590141978,-0.5794263867602087,-0.7888759262384291,1.4481991750785694,0.37413109678782464,0.8874616496158868,0.33847353189087337,-0.7060355238575671,-0.37990146657850693,0.2924385928982824,1.033403396570397,1.424229417981307
22,2025,Pablo Sandoval,Bos,,,,1.0,,,,,,153.0,525.0,80.0,32.0,3.0,16.0,51.0,84.0,42.0,0.0,0.29100000000000004,0.344,0.455,0.7109550288581792,0.3776209528693491,0.8268994885517295,0.7918494855208361,0.007968443699378078,0.09726710877393374,0.5190308244360914,1.1862032282567823,-0.08754727602715467,-0.9935092713565765,1.013948186583568,0.4721427671495838,0.5788066127515316,5.501635580067231
23,2132,Mark Trumbo,Ari,,1.0,,,,1.0,,,,137.0,568.0,73.0,27.0,3.0,31.0,61.0,92.0,48.0,4.0,0.24100000000000002,0.3,0.46299999999999997,0.2185186452334662,0.7870848668642555,0.43335200283904884,0.1685422708476339,0.007968443699378078,1.939447199189346,1.2435294626774247,1.5845253331113096,0.23196832991136637,-0.6102109413578973,-0.9219541094748683,-0.8456878440266249,0.7186825462342584,4.955766205748096
24,2416,Elvis Andrus,Tex,,,,,1.0,,,,,168.0,615.0,80.0,31.0,3.0,3.0,37.0,51.0,50.0,32.0,0.273,0.32899999999999996,0.348,1.1726141385063475,1.2346384472772927,0.8268994885517295,0.6671880425861957,0.007968443699378078,-1.4992889695860903,-0.4952672691017754,-0.4568754542681429,0.33847353189087337,2.0728773686328568,0.3170233600025305,0.022882331521330304,-1.2920339975799524,2.917099462132574
25,1985,Brett Gardner,NYY,,,,,,1.0,1.0,,,144.0,548.0,85.0,28.0,8.0,13.0,49.0,53.0,56.0,22.0,0.263,0.336,0.414,0.43395956306927813,0.5966365347736013,1.1080048354893586,0.29320371378227433,2.000079368543896,-0.2711689093091487,0.37413109678782464,-0.35729492805451113,0.6579891378293944,1.1146315436361591,-0.07015709920915694,0.23253720148118362,-0.13805754634744863,5.974494512472704
26,5444,Evan Gattis,Hou,1.0,,,,,,,,,140.0,530.0,63.0,30.0,2.0,31.0,63.0,84.0,33.0,0.0,0.264,0.318,0.504,0.3108504671630999,0.4252330358920126,-0.12885869103620923,0.5425265996515553,-0.39045374126952553,1.939447199189346,1.3884291903256913,1.1862032282567823,-0.5668206849349362,-0.9935092713565765,-0.0314390532879882,-0.30657532127272064,1.4355467053332387,4.81057966265377
27,3590,Salvador Perez,KC,1.0,,,,,,,,,160.0,579.0,61.0,29.0,2.0,18.0,49.0,75.0,23.0,1.0,0.276,0.305,0.42700000000000005,0.9263959466939911,0.8918314495141153,-0.24130082981126086,0.41786515671691477,-0.39045374126952553,0.34289112082932205,0.37413109678782464,0.738090860295439,-1.0993466948324713,-0.8976846888569067,0.43317749776603676,-0.6959343654838737,0.0892408455619851,0.8889036539115909
28,1267,Ryan Zimmerman,Wsh,,,,1.0,,1.0,,,,145.0,523.0,76.0,34.0,2.0,20.0,56.0,83.0,53.0,4.0,0.27699999999999997,0.342,0.465,0.4647368370458227,0.3585761196602837,0.6020152110016262,1.0411723713901169,-0.39045374126952553,0.5885151328847104,0.881280143556758,1.1364129651499664,0.4982313348601339,-0.6102109413578973,0.4718955436872034,0.41224137573248504,0.7536515296049414,6.208063881946626
29,1044,David Wright,NYM,,,,1.0,,,,,,152.0,547.0,63.0,31.0,3.0,16.0,50.0,63.0,55.0,11.0,0.278,0.34600000000000003,0.433,0.6801777548816346,0.5871141181690687,-0.12885869103620923,0.6671880425861957,0.007968443699378078,0.09726710877393374,0.446580960611958,0.14060770301364806,0.6047365368396409,0.06056113613979128,0.5106135896083742,0.532044158566686,0.19414779567403,4.4001486575281294
30,5447,Gregory Polanco,Pit,,,,,,,,1.0,,127.0,508.0,79.0,22.0,3.0,11.0,36.0,68.0,51.0,25.0,0.25,0.317,0.37,-0.0892540945319794,0.21573987059229308,0.7706784191642037,-0.45476494382556826,0.007968443699378078,-0.516792921364537,-0.5677171329259088,0.3895590185477276,0.39172613288062685,1.4021052911351684,-0.5734916961843507,-0.3365260169812708,-0.9073751805024508,-0.26814481029666815
31,3841,Matt Adams,StL,,1.0,,,,,,,,144.0,505.0,59.0,31.0,2.0,19.0,52.0,69.0,27.0,2.0,0.285,0.321,0.467,0.43395956306927813,0.18717262077869495,-0.35374296858631243,0.6671880425861957,-0.39045374126952553,0.4657031268570162,0.5914806882602247,0.43934928165454357,-0.8863362908734572,-0.8018601063572369,0.7816399110565533,-0.2167232341470699,0.7886205129756233,1.7059974060045278
32,542,Jayson Werth*,Wsh,,,,,,,,1.0,,126.0,431.0,69.0,27.0,1.0,15.0,43.0,62.0,62.0,8.0,0.292,0.386,0.46399999999999997,-0.12003136850852396,-0.5174862079567254,0.2084677252889456,0.1685422708476339,-0.7888759262384291,-0.025544897253760405,-0.06056808615697536,0.09081743990683214,0.9775047437679154,-0.2269126113592181,1.0526662325047345,1.7300719869086936,0.7361670379195995,3.224818339670722
33,4583,Yan Gomes,Cle,1.0,,,,,,,,,135.0,483.0,61.0,27.0,2.0,19.0,48.0,68.0,25.0,2.0,0.28,0.318,0.462,0.15696409728037708,-0.02232054452102461,-0.24130082981126086,0.1685422708476339,-0.39045374126952553,0.4657031268570162,0.3016812329636913,0.3895590185477276,-0.9928414928529643,-0.8018601063572369,0.5880496814507118,-0.30657532127272064,0.7011980545489185,0.0163454464113435
34,2013,Daniel Murphy,NYM,,,1.0,,,,,,,174.0,616.0,80.0,36.0,3.0,10.0,49.0,61.0,37.0,16.0,0.282,0.32299999999999995,0.39899999999999997,1.3572777823656148,1.2441608638818253,0.8268994885517295,1.2904952572593977,0.007968443699378078,-0.6396049273922312,0.37413109678782464,0.04102717680001622,-0.3538102809759222,0.5396840486381402,0.665485773293047,-0.1568218427299711,-0.40032492162756333,4.796567958551285
35,539,Jimmy Rollins,LAD,,,,,1.0,,,,,139.0,561.0,81.0,26.0,3.0,16.0,45.0,55.0,54.0,25.0,0.248,0.313,0.39,0.2800731931865553,0.7204279506325265,0.8831205579392553,0.04388082791299347,0.007968443699378078,0.09726710877393374,0.08433164149129131,-0.2577144018408793,0.5514839358498874,1.4021052911351684,-0.6509277880266882,-0.4563287998154718,-0.5576853467956312,2.148002614142319
36,3546,Charlie Blackmon,Col,,,,,,1.0,1.0,1.0,,127.0,453.0,72.0,23.0,4.0,14.0,41.0,56.0,27.0,17.0,0.28,0.331,0.442,-0.0892540945319794,-0.30799304265700583,0.37713093345152304,-0.3301035008909278,0.4063906286682817,-0.14835690328145457,-0.20546781380524204,-0.20792413873406335,-0.8863362908734572,0.6355086311378101,0.5880496814507118,0.08278372293843243,0.3515082208420988,0.2659360337147276
37,5675,Kris Bryant,ChC,,,,1.0,,,,,,119.0,457.0,71.0,25.0,1.0,30.0,56.0,73.0,63.0,12.0,0.26,0.364,0.516,-0.33547228634433585,-0.269903376238875,0.3209098640639972,-0.08078061502164696,-0.7888759262384291,1.8166351931616518,0.881280143556758,0.6385103340818072,1.030757344757669,0.15638571863946107,-0.1863112369726632,1.0711566813205886,1.6453606055573304,5.899652444323314
38,828,Chase Utley,Phi,,,1.0,,,,,,,146.0,534.0,73.0,32.0,6.0,14.0,52.0,70.0,51.0,9.0,0.273,0.344,0.434,0.49551411102236725,0.46332270231014344,0.43335200283904884,0.7918494855208361,1.2032349986060888,-0.14835690328145457,0.5914806882602247,0.48913954476135946,0.39172613288062685,-0.13108802885954832,0.3170233600025305,0.4721427671495838,0.21163228735937098,5.580973148571177
39,5048,Jorge Soler,ChC,,,,,,,,1.0,,144.0,544.0,70.0,38.0,4.0,23.0,65.0,77.0,56.0,2.0,0.265,0.33,0.47600000000000003,0.43395956306927813,0.5585468683554705,0.2646887946764714,1.5398181431286786,0.4063906286682817,0.9569511509677928,1.533328917973958,0.8376713865090709,0.6579891378293944,-0.8018601063572369,0.007278992633180549,0.0528330272298822,0.9459809381436922,7.393577442827915
40,3392,Lucas Duda,NYM,,1.0,,,,,,,,127.0,512.0,71.0,24.0,0.0,27.0,51.0,76.0,71.0,2.0,0.248,0.34700000000000003,0.45299999999999996,-0.0892540945319794,0.2538295370104239,0.3209098640639972,-0.2054420579562874,-1.1872981112073326,1.4481991750785694,0.5190308244360914,0.7878811234022549,1.456778152675697,-0.8018601063572369,-0.6509277880266882,0.5619948542752362,0.5438376293808487,2.9576790022435944
41,1019,Yadier Molina,StL,1.0,,,,,,,,,155.0,522.0,63.0,31.0,0.0,14.0,45.0,65.0,35.0,4.0,0.297,0.344,0.43700000000000006,0.7725095768112683,0.34905370305575095,-0.12885869103620923,0.6671880425861957,-1.1872981112073326,-0.14835690328145457,0.08433164149129131,0.24018822922727986,-0.46031548295542923,-0.6102109413578973,1.2462564621105783,0.4721427671495838,0.2640857624153949,1.5607160550090198
42,3107,A.J. Pollock,Ari,,,,,,,1.0,,,153.0,558.0,78.0,34.0,8.0,10.0,52.0,52.0,39.0,21.0,0.27399999999999997,0.325,0.418,0.7109550288581792,0.6918607008189284,0.7144573497766779,1.0411723713901169,2.000079368543896,-0.6396049273922312,0.5914806882602247,-0.407085191161327,-0.24730507899641518,1.0188069611364892,0.35574140592369713,-0.09692045131286897,-0.0681195796060847,5.665518646239283
43,3452,Eric Hosmer,KC,,1.0,,,,,,,,162.0,584.0,71.0,35.0,2.0,13.0,50.0,67.0,47.0,9.0,0.27699999999999997,0.331,0.41100000000000003,0.9879504946470802,0.9394435325367788,0.3209098640639972,1.1658338143247573,-0.39045374126952553,-0.2711689093091487,0.446580960611958,0.33976875544091173,0.17871572892161286,-0.13108802885954832,0.4718955436872034,0.08278372293843243,-0.1905110214034706,3.9506607163310394
44,3527,J.D. Martinez,Det,,,,,,1.0,,1.0,,140.0,503.0,58.0,31.0,3.0,22.0,56.0,77.0,33.0,6.0,0.278,0.324,0.483,0.3108504671630999,0.16812778756962954,-0.4099640379738383,0.6671880425861957,0.007968443699378078,0.8341391449400987,0.881280143556758,0.8376713865090709,-0.5668206849349362,-0.4185617763585577,0.5106135896083742,-0.12687114702141922,1.068372379941078,3.763993739284931
45,4070,Josh Harrison,Pit,,,,1.0,,1.0,,1.0,,143.0,509.0,74.0,34.0,7.0,11.0,52.0,50.0,21.0,17.0,0.281,0.316,0.44,0.40318228909273357,0.22526228719682578,0.48957307222657465,1.0411723713901169,1.6016571835749922,-0.516792921364537,0.5914806882602247,-0.5066657173749588,-1.2058518968119782,0.6355086311378101,0.6267677273718805,-0.36647671268982107,0.3165392374714169,3.3353562394812806
46,953,Adam LaRoche,CWS,,1.0,,,,,,,,125.0,476.0,70.0,22.0,1.0,25.0,48.0,79.0,77.0,3.0,0.263,0.363,0.47100000000000003,-0.1508086424850685,-0.08897746075275356,0.2646887946764714,-0.45476494382556826,-0.7888759262384291,1.2025751630231811,0.3016812329636913,0.9372519127227027,1.776293758614218,-0.7060355238575671,-0.07015709920915694,1.0412059856120384,0.8585584797169873,4.122635730960747
47,3876,Joc Pederson,LAD,,,,,,1.0,1.0,,,93.0,399.0,66.0,12.0,2.0,20.0,34.0,49.0,61.0,21.0,0.233,0.34,0.424,-1.1356814097344945,-0.822203539301772,0.039804517126368184,-1.7013793731719726,-0.39045374126952553,0.5885151328847104,-0.7126168605741754,-0.5564559804817748,0.9242521427781619,1.0188069611364892,-1.2316984768442183,0.35233998431538455,0.03678737050596118,-3.5899832726308567
48,825,Justin Morneau,Col,,1.0,,,,,,,,147.0,499.0,61.0,30.0,2.0,19.0,51.0,76.0,39.0,0.0,0.295,0.348,0.47700000000000004,0.5262913849989118,0.1300381211514987,-0.24130082981126086,0.5425265996515553,-0.39045374126952553,0.4657031268570162,0.5190308244360914,0.7878811234022549,-0.24730507899641518,-0.9935092713565765,1.1688203702682407,0.5919455499837848,0.9634654298290332,3.823133609144609
49,1238,Melky Cabrera,CWS,,,,,,1.0,,,,157.0,526.0,76.0,28.0,4.0,13.0,45.0,60.0,44.0,7.0,0.298,0.35200000000000004,0.441,0.8340641247643574,0.3871433694738818,0.6020152110016262,0.29320371378227433,0.4063906286682817,-0.2711689093091487,0.08433164149129131,-0.008763086306799697,0.018957925952352336,-0.3227371938588879,1.284974508031747,0.7117483328179873,0.3340237291567579,4.354183995665721
0,1363,Erick Aybar,LAA,,,,,1.0,,,,,164.0,591.0,76.0,32.0,5.0,7.0,44.0,60.0,32.0,16.0,0.27699999999999997,0.317,0.384,1.0495050426001693,1.0061004487685077,0.6020152110016262,0.7918494855208361,0.8048128136371853,-1.0080409454753136,0.011881777667157974,-0.008763086306799697,-0.6200732859246897,0.5396840486381402,0.4718955436872034,-0.3365260169812708,-0.6625922969076771,2.641748739925076
1,1365,Howie Kendrick,LAD,,,1.0,,,,,,,157.0,554.0,70.0,29.0,4.0,11.0,44.0,65.0,38.0,11.0,0.28300000000000003,0.33299999999999996,0.41,0.8340641247643574,0.6537710344007975,0.2646887946764714,0.41786515671691477,0.4063906286682817,-0.516792921364537,0.011881777667157974,0.24018822922727986,-0.3005576799861687,0.06056113613979128,0.7042038192142179,0.14268511435553125,-0.20799551308881253,2.7109537013912828
2,1212,Brian McCann,NYY,1.0,,,,,,,,,125.0,493.0,60.0,17.0,1.0,24.0,42.0,79.0,39.0,1.0,0.254,0.314,0.43799999999999994,-0.1508086424850685,0.07290362152430246,-0.29752189919878663,-1.0780721584987705,-0.7888759262384291,1.0797631569954869,-0.1330179499811087,0.9372519127227027,-0.24730507899641518,-0.8976846888569067,-0.41861951249967566,-0.42637810410692156,0.28157025410073394,-2.0667950155188564
3,954,Alex Rios,KC,,,,,,,,1.0,,146.0,530.0,65.0,32.0,6.0,10.0,48.0,61.0,28.0,24.0,0.275,0.312,0.415,0.49551411102236725,0.4252330358920126,-0.016416552261157624,0.7918494855208361,1.2032349986060888,-0.6396049273922312,0.3016812329636913,0.04102717680001622,-0.8330836898837037,1.3062807086354986,0.394459451844868,-0.486279495524022,-0.12057305466210765,2.863322481562157
4,2202,Neil Walker,Pit,,,1.0,,,,,,,136.0,503.0,72.0,25.0,3.0,21.0,49.0,70.0,48.0,4.0,0.27,0.344,0.457,0.18774137125692164,0.16812778756962954,0.37713093345152304,-0.08078061502164696,0.007968443699378078,0.7113271389124045,0.37413109678782464,0.48913954476135946,0.23196832991136637,-0.6102109413578973,0.2008692222390243,0.4721427671495838,0.6137755961222136,3.1433306754816845
5,375,Aramis Ramirez,Mil,,,,1.0,,,,,,144.0,512.0,60.0,29.0,1.0,18.0,48.0,73.0,31.0,3.0,0.281,0.335,0.447,0.43395956306927813,0.2538295370104239,-0.29752189919878663,0.41786515671691477,-0.7888759262384291,0.34289112082932205,0.3016812329636913,0.6385103340818072,-0.6733258869144433,-0.7060355238575671,0.6267677273718805,0.20258650577263337,0.43893067926880375,1.191262620875529
6,3738,Wil Myers,SD,,,,,,,,1.0,,134.0,557.0,72.0,26.0,2.0,18.0,46.0,75.0,58.0,10.0,0.24100000000000002,0.312,0.391,0.12618682330383252,0.6823382842143957,0.37713093345152304,0.04388082791299347,-0.39045374126952553,0.34289112082932205,0.15678150531542465,0.738090860295439,0.7644943398089015,-0.03526344635987852,-0.9219541094748683,-0.486279495524022,-0.5402008551102903,0.8576430473932478
7,2269,Pedro Alvarez,Pit,,,,1.0,,,,,,114.0,450.0,62.0,19.0,1.0,29.0,49.0,76.0,48.0,5.0,0.253,0.327,0.493,-0.48935865622705865,-0.33656029247060393,-0.18507976042373503,-0.8287492726294896,-0.7888759262384291,1.6938231871339577,0.37413109678782464,0.7878811234022549,0.23196832991136637,-0.5143863588582275,-0.4573375584208444,-0.0370190598957685,1.243217296794488,0.6936541488657348
8,1433,Ben Zobrist,Oak,,,1.0,,1.0,1.0,,,,154.0,570.0,78.0,35.0,5.0,13.0,53.0,66.0,77.0,11.0,0.27,0.35700000000000004,0.418,0.7417323028347237,0.8061297000733209,0.7144573497766779,1.1658338143247573,0.8048128136371853,-0.2711689093091487,0.663930552084358,0.2899784923340958,1.776293758614218,0.06056113613979128,0.2008692222390243,0.8615018113607386,-0.0681195796060847,7.746812464503657
9,2042,Alcides Escobar,KC,,,,,1.0,,,,,160.0,589.0,68.0,30.0,5.0,4.0,39.0,49.0,23.0,29.0,0.272,0.304,0.36,0.9263959466939911,0.9870556155594423,0.15224665590141978,0.5425265996515553,0.8048128136371853,-1.376476963558396,-0.35036754145350874,-0.5564559804817748,-1.0993466948324713,1.7854036211338475,0.2783053140813618,-0.7258850611924239,-1.0822200973558607,0.28599422778436745
10,2789,Ben Revere,Phi,,,,,,,1.0,,,170.0,586.0,68.0,14.0,6.0,2.0,22.0,28.0,20.0,44.0,0.29,0.316,0.345,1.2341686864594366,0.9584883657458442,0.15224665590141978,-1.4520564873026918,1.2032349986060888,-1.6221009756137843,-1.5820152264637755,-1.602051505724909,-1.2591044978017318,3.2227723586288946,0.9752301406623971,-0.36647671268982107,-1.3444874726359752,-1.4821516722286079
11,1268,Russell Martin,Tor,1.0,,,,,,,,,107.0,409.0,51.0,22.0,0.0,17.0,39.0,64.0,59.0,6.0,0.262,0.37,0.44,-0.7047995740628705,-0.7269793732564449,-0.8035115236865189,-0.45476494382556826,-1.1872981112073326,0.2200791148016279,-0.35036754145350874,0.19039796612046397,0.817746940798655,-0.4185617763585577,-0.10887514513032569,1.2508608555718899,0.3165392374714169,-1.9595338742170747
12,4087,Xander Bogaerts,Bos,,,,1.0,1.0,,,,,143.0,561.0,64.0,29.0,2.0,14.0,45.0,69.0,46.0,4.0,0.255,0.316,0.389,0.40318228909273357,0.7204279506325265,-0.07263762164868343,0.41786515671691477,-0.39045374126952553,-0.14835690328145457,0.08433164149129131,0.43934928165454357,0.12546312793185935,-0.6102109413578973,-0.37990146657850693,-0.36647671268982107,-0.5751698384809721,-0.35258777778699213
13,1357,Martin Prado,Mia,,,1.0,1.0,,,,,,164.0,573.0,75.0,32.0,4.0,12.0,48.0,66.0,38.0,6.0,0.28600000000000003,0.33299999999999996,0.419,1.0495050426001693,0.834696949886919,0.5457941416141004,0.7918494855208361,0.4063906286682817,-0.3939809153368429,0.3016812329636913,0.2899784923340958,-0.3005576799861687,-0.4185617763585577,0.8203579569777242,0.14268511435553125,-0.05063508792074372,4.019203585319037
14,895,Jhonny Peralta,StL,,,,,1.0,,,,,140.0,526.0,58.0,34.0,0.0,18.0,52.0,65.0,50.0,3.0,0.266,0.33299999999999996,0.433,0.3108504671630999,0.3871433694738818,-0.4099640379738383,1.0411723713901169,-1.1872981112073326,0.34289112082932205,0.5914806882602247,0.24018822922727986,0.33847353189087337,-0.7060355238575671,0.04599703855434929,0.14268511435553125,0.19414779567403,1.3317320537799713
15,3871,Danny Santana,Min,,,,,1.0,,1.0,,,158.0,587.0,77.0,32.0,10.0,6.0,48.0,42.0,26.0,22.0,0.26899999999999996,0.304,0.38799999999999996,0.8648413987409019,0.968010782350377,0.658236280389152,0.7918494855208361,2.796923738481703,-1.1308529515030077,0.3016812329636913,-0.9049878222294861,-0.9395888918632108,1.1146315436361591,0.1621511763178534,-0.7258850611924239,-0.5926543301663141,3.3643565814462297
16,3499,Jean Segura,Mil,,,,,1.0,,,,,148.0,568.0,68.0,17.0,8.0,7.0,32.0,41.0,30.0,32.0,0.261,0.303,0.35600000000000004,0.5570686589754563,0.7870848668642555,0.15224665590141978,-1.0780721584987705,2.000079368543896,-1.0080409454753136,-0.857516588222442,-0.954778085336302,-0.7265784879041968,2.0728773686328568,-0.14759319105149443,-0.7558357569009742,-1.1521580640972235,-1.1112163585688328
17,1140,Shin-Soo Choo,Tex,,,,,,1.0,,,1.0,136.0,518.0,79.0,28.0,1.0,15.0,44.0,46.0,80.0,12.0,0.263,0.376,0.40700000000000003,0.18774137125692164,0.3109640366376201,0.7706784191642037,0.29320371378227433,-0.7888759262384291,-0.025544897253760405,0.011881777667157974,-0.7058267698022225,1.9360515615834786,0.15638571863946107,-0.07015709920915694,1.4305650298231913,-0.2604489881448345,3.2466179479059054
18,4646,Rougned Odor,Tex,,,1.0,,,,,,,148.0,551.0,66.0,19.0,6.0,15.0,40.0,69.0,25.0,12.0,0.26899999999999996,0.304,0.40700000000000003,0.5570686589754563,0.6252037845871995,0.039804517126368184,-0.8287492726294896,1.2032349986060888,-0.025544897253760405,-0.27791767762937536,0.43934928165454357,-0.9928414928529643,0.15638571863946107,0.1621511763178534,-0.7258850611924239,-0.2604489881448345,0.07181074620412253
19,3735,Oswaldo Arcia,Min,,,,,,,,1.0,,123.0,501.0,66.0,25.0,4.0,24.0,53.0,78.0,41.0,3.0,0.24600000000000002,0.312,0.455,-0.21236319043815763,0.14908295436056412,0.039804517126368184,-0.08078061502164696,0.4063906286682817,1.0797631569954869,0.663930552084358,0.8874616496158868,-0.1407998770169082,-0.7060355238575671,-0.7283638798690245,-0.486279495524022,0.5788066127515316,1.4506174898751505
20,2536,Lorenzo Cain,KC,,,,,,,1.0,1.0,,151.0,576.0,67.0,31.0,4.0,8.0,43.0,60.0,35.0,27.0,0.262,0.307,0.37200000000000005,0.6494004809050901,0.8632641997005172,0.09602558651389399,0.6671880425861957,0.4063906286682817,-0.8852289394476195,-0.06056808615697536,-0.008763086306799697,-0.46031548295542923,1.5937544561345078,-0.10887514513032569,-0.6360329740667732,-0.8724061971317678,1.2438334833127953
21,1103,Curtis Granderson,NYM,,,,,,,,1.0,,125.0,540.0,77.0,23.0,3.0,23.0,49.0,65.0,73.0,10.0,0.231,0.326,0.413,-0.1508086424850685,0.5204572019373397,0.658236280389152,-0.3301035008909278,0.007968443699378078,0.9569511509677928,0.37413109678782464,0.24018822922727986,1.563283354655204,-0.03526344635987852,-1.3091345686865556,-0.06696975560431874,-0.1555420380327896,2.273393805604432
22,824,Joe Mauer,Min,,1.0,,,,,,,,158.0,543.0,73.0,34.0,2.0,8.0,44.0,61.0,75.0,3.0,0.29100000000000004,0.376,0.405,0.8648413987409019,0.5490244517509378,0.43335200283904884,1.0411723713901169,-0.39045374126952553,-0.8852289394476195,0.011881777667157974,0.04102717680001622,1.669788556634711,-0.7060355238575671,1.013948186583568,1.4305650298231913,-0.29541797151551646,4.778464776139422
23,2122,Matt Wieters*,Bal,1.0,,,,,,,,,117.0,453.0,55.0,24.0,0.0,20.0,44.0,69.0,40.0,2.0,0.258,0.315,0.444,-0.39702683429742497,-0.30799304265700583,-0.5786272461364157,-0.2054420579562874,-1.1872981112073326,0.5885151328847104,0.011881777667157974,0.43934928165454357,-0.1940524780066617,-0.8018601063572369,-0.2637473288150007,-0.3964274083983713,0.3864772042127808,-2.9062512174125446
24,3887,Jedd Gyorko,SD,,,1.0,,,,,,,125.0,493.0,63.0,24.0,1.0,23.0,48.0,77.0,39.0,3.0,0.254,0.312,0.446,-0.1508086424850685,0.07290362152430246,-0.12885869103620923,-0.2054420579562874,-0.7888759262384291,0.9569511509677928,0.3016812329636913,0.8376713865090709,-0.24730507899641518,-0.7060355238575671,-0.41861951249967566,-0.486279495524022,0.42144618758346275,-0.5415713490453538
25,6128,Rusney Castillo,Bos,,,,,,,1.0,,,133.0,455.0,68.0,25.0,2.0,14.0,41.0,56.0,28.0,18.0,0.292,0.349,0.44799999999999995,0.09540954932728796,-0.2889482094479404,0.15224665590141978,-0.08078061502164696,-0.39045374126952553,-0.14835690328145457,-0.20546781380524204,-0.20792413873406335,-0.8330836898837037,0.7313332136374798,1.0526662325047345,0.621896245692335,0.45641517095414375,0.9549519565738244
26,1803,Steve Pearce,Bal,,1.0,,,,1.0,,,,115.0,419.0,58.0,29.0,0.0,20.0,49.0,54.0,49.0,6.0,0.27399999999999997,0.358,0.48700000000000004,-0.4585813822505141,-0.6317552072111179,-0.4099640379738383,0.41786515671691477,-1.1872981112073326,0.5885151328847104,0.37413109678782464,-0.3075046649476952,0.2852209309011199,-0.4185617763585577,0.35574140592369713,0.8914525070692871,1.138310346682443,0.637571397016941
27,2177,Austin Jackson,Sea,,,,,,,1.0,,,151.0,587.0,85.0,29.0,7.0,7.0,43.0,47.0,49.0,22.0,0.257,0.314,0.366,0.6494004809050901,0.968010782350377,1.1080048354893586,0.41786515671691477,1.6016571835749922,-1.0080409454753136,-0.06056808615697536,-0.6560365066954066,0.2852209309011199,1.1146315436361591,-0.3024653747361694,-0.42637810410692156,-0.9773131472438147,2.7139887491594106
28,3644,Scooter Gennett,Mil,,,1.0,,,,,,,151.0,531.0,74.0,29.0,4.0,12.0,45.0,57.0,26.0,12.0,0.284,0.318,0.42200000000000004,0.6494004809050901,0.43475545249654535,0.48957307222657465,0.41786515671691477,0.4063906286682817,-0.3939809153368429,0.08433164149129131,-0.15813387562724746,-0.9395888918632108,0.15638571863946107,0.7429218651353846,-0.30657532127272064,0.0018183871352801906,1.585163399314802
29,3354,Brandon Belt,SF,,1.0,,,,,,,,130.0,491.0,65.0,29.0,3.0,19.0,51.0,60.0,50.0,7.0,0.265,0.337,0.452,0.0030777273976542808,0.05385878831523705,-0.016416552261157624,0.41786515671691477,0.007968443699378078,0.4657031268570162,0.5190308244360914,-0.008763086306799697,0.33847353189087337,-0.3227371938588879,0.007278992633180549,0.26248789718973387,0.5263531376955086,2.2541807944047427
30,413,Carlos Beltran,NYY,,,,,,,,1.0,1.0,117.0,455.0,59.0,24.0,1.0,20.0,45.0,61.0,41.0,4.0,0.257,0.32,0.446,-0.39702683429742497,-0.2889482094479404,-0.35374296858631243,-0.2054420579562874,-0.7888759262384291,0.5885151328847104,0.08433164149129131,0.04102717680001622,-0.1407998770169082,-0.6102109413578973,-0.3024653747361694,-0.24667392985562014,0.42144618758346275,-2.1988659807335083
31,4557,Adam Eaton,CWS,,,,,,,1.0,,,147.0,542.0,90.0,29.0,9.0,4.0,42.0,37.0,53.0,20.0,0.271,0.345,0.38,0.5262913849989118,0.5395020351464052,1.3891101824269876,0.41786515671691477,2.3985015535127996,-1.376476963558396,-0.1330179499811087,-1.1539391377635657,0.4982313348601339,0.9229823786368194,0.23958726816019302,0.502093462858134,-0.732530263649041,4.038200442365189
32,627,Michael Cuddyer,NYM,,,,,,,,1.0,,128.0,483.0,66.0,31.0,2.0,19.0,52.0,67.0,40.0,8.0,0.265,0.321,0.455,-0.058476820555434836,-0.02232054452102461,0.039804517126368184,0.6671880425861957,-0.39045374126952553,0.4657031268570162,0.5914806882602247,0.33976875544091173,-0.1940524780066617,-0.2269126113592181,0.007278992633180549,-0.2167232341470699,0.5788066127515316,1.5810913057964942
33,2984,Travis d'Arnaud,NYM,1.0,,,,,,,,,113.0,443.0,57.0,27.0,2.0,17.0,46.0,52.0,39.0,1.0,0.255,0.318,0.44,-0.5201359302036033,-0.4032172087023329,-0.4661851073613641,0.1685422708476339,-0.39045374126952553,0.2200791148016279,0.15678150531542465,-0.407085191161327,-0.24730507899641518,-0.8976846888569067,-0.37990146657850693,-0.30657532127272064,0.3165392374714169,-3.1566016059665984
34,3389,Yasmani Grandal,LAD,1.0,1.0,,,,,,,,96.0,394.0,55.0,21.0,1.0,16.0,38.0,56.0,56.0,2.0,0.244,0.337,0.424,-1.0433495878048606,-0.8698156223244355,-0.5786272461364157,-0.5794263867602087,-0.7888759262384291,0.09726710877393374,-0.42281740527764206,-0.20792413873406335,0.6579891378293944,-0.8018601063572369,-0.8057999717113631,0.26248789718973387,0.03678737050596118,-5.043964877045632
35,741,Carl Crawford,LAD,,,,,,1.0,,,,124.0,430.0,66.0,22.0,3.0,9.0,34.0,44.0,22.0,22.0,0.28800000000000003,0.32899999999999996,0.41600000000000004,-0.18158591646161307,-0.5270086245612581,0.039804517126368184,-0.45476494382556826,0.007968443699378078,-0.7624169334199253,-0.7126168605741754,-0.8054072960158544,-1.1525992958222249,1.1146315436361591,0.8977940488200618,0.022882331521330304,-0.10308856297676569,-2.6164075488540868
36,1613,Asdrubal Cabrera,TB,,,1.0,,1.0,,,,,136.0,535.0,70.0,33.0,4.0,12.0,49.0,61.0,47.0,10.0,0.254,0.32,0.39799999999999996,0.18774137125692164,0.4728451189146762,0.2646887946764714,0.9165109284554765,0.4063906286682817,-0.3939809153368429,0.37413109678782464,0.04102717680001622,0.17871572892161286,-0.03526344635987852,-0.41861951249967566,-0.24667392985562014,-0.41780941331290433,1.3297036271163596
37,4207,Andrelton Simmons,Atl,,,,,1.0,,,,,159.0,621.0,65.0,26.0,5.0,11.0,42.0,56.0,40.0,7.0,0.256,0.301,0.36700000000000005,0.8956186727174466,1.291772946904489,-0.016416552261157624,0.04388082791299347,0.8048128136371853,-0.516792921364537,-0.1330179499811087,-0.20792413873406335,-0.1940524780066617,-0.3227371938588879,-0.34118342065733814,-0.8157371483180746,-0.9598286555584727,-0.47160519756818764
38,3656,Nick Castellanos,Det,,,,1.0,,,,,,154.0,584.0,67.0,36.0,3.0,14.0,53.0,69.0,40.0,3.0,0.264,0.311,0.408,0.7417323028347237,0.9394435325367788,0.09602558651389399,1.2904952572593977,0.007968443699378078,-0.14835690328145457,0.663930552084358,0.43934928165454357,-0.1940524780066617,-0.7060355238575671,-0.0314390532879882,-0.5162301912325723,-0.2429644964594945,2.339866310457335
39,2491,Wilin Rosario,Col,1.0,,,,,,,,,115.0,433.0,58.0,25.0,0.0,19.0,44.0,66.0,23.0,3.0,0.266,0.3,0.455,-0.4585813822505141,-0.49844137474766,-0.4099640379738383,-0.08078061502164696,-1.1872981112073326,0.4657031268570162,0.011881777667157974,0.2899784923340958,-1.0993466948324713,-0.7060355238575671,0.04599703855434929,-0.8456878440266249,0.5788066127515316,-3.8937685357535043
40,5322,Arismendy Alcantara,ChC,,,1.0,,,,1.0,,,96.0,396.0,50.0,21.0,5.0,11.0,37.0,41.0,29.0,15.0,0.242,0.295,0.40399999999999997,-1.0433495878048606,-0.8507707891153701,-0.8597325930740447,-0.5794263867602087,0.8048128136371853,-0.516792921364537,-0.4952672691017754,-0.954778085336302,-0.7798310888939503,0.44385946613847044,-0.8832360635537007,-0.995441322569376,-0.3129024632008584,-7.022856290999328
41,793,Coco Crisp*,Oak,,,,,,,1.0,,,107.0,425.0,66.0,19.0,3.0,11.0,33.0,44.0,52.0,21.0,0.252,0.33,0.38799999999999996,-0.7047995740628705,-0.5746207075839216,0.039804517126368184,-0.8287492726294896,0.007968443699378078,-0.516792921364537,-0.7850667243983087,-0.8054072960158544,0.4449787338703804,1.0188069611364892,-0.4960556043420132,0.0528330272298822,-0.5926543301663141,-3.739754747500811
42,1568,Billy Butler,Oak,,1.0,,,,,,,1.0,164.0,577.0,61.0,32.0,0.0,14.0,46.0,76.0,51.0,0.0,0.284,0.344,0.41200000000000003,1.0495050426001693,0.8727866163050498,-0.24130082981126086,0.7918494855208361,-1.1872981112073326,-0.14835690328145457,0.15678150531542465,0.7878811234022549,0.39172613288062685,-0.9935092713565765,0.7429218651353846,0.4721427671495838,-0.17302652971812962,2.522102892934576
43,1373,Mike Napoli,Bos,,1.0,,,,,,,,105.0,429.0,59.0,23.0,1.0,21.0,45.0,65.0,74.0,2.0,0.245,0.361,0.45,-0.7663541220159596,-0.5365310411657908,-0.35374296858631243,-0.3301035008909278,-0.7888759262384291,0.7113271389124045,0.08433164149129131,0.24018822922727986,1.6165359556449574,-0.8018601063572369,-0.7670819257901944,0.9813045941949378,0.4913841543248267,-0.2194778772491534
44,3964,Khris Davis,Mil,,,,,,1.0,,,,116.0,467.0,68.0,35.0,2.0,22.0,59.0,69.0,37.0,4.0,0.248,0.315,0.473,-0.42780410827396953,-0.17467921019354793,0.15224665590141978,1.1658338143247573,-0.39045374126952553,0.8341391449400987,1.098629735029158,0.43934928165454357,-0.3538102809759222,-0.6102109413578973,-0.6509277880266882,-0.3964274083983713,0.8935274630876683,1.5794126164417237
45,2467,Wilson Ramos,Wsh,1.0,,,,,,,,,113.0,406.0,41.0,14.0,0.0,17.0,31.0,65.0,22.0,0.0,0.278,0.313,0.43799999999999994,-0.5201359302036033,-0.755546623070043,-1.365722217561777,-1.4520564873026918,-1.1872981112073326,0.2200791148016279,-0.9299664520465755,0.24018822922727986,-1.1525992958222249,-0.9935092713565765,0.5106135896083742,-0.4563287998154718,0.28157025410073394,-7.560712000648281
46,739,Marlon Byrd,Cin,,,,,,,,1.0,,144.0,554.0,67.0,29.0,3.0,22.0,54.0,75.0,33.0,2.0,0.26,0.309,0.442,0.43395956306927813,0.6537710344007975,0.09602558651389399,0.41786515671691477,0.007968443699378078,0.8341391449400987,0.7363804159084913,0.738090860295439,-0.5668206849349362,-0.8018601063572369,-0.1863112369726632,-0.5761315826496727,0.3515082208420988,2.1385848154718814
47,6155,Yasmany Tomas,Ari,,,,,,,,1.0,,132.0,516.0,61.0,26.0,5.0,18.0,49.0,77.0,34.0,8.0,0.256,0.301,0.43,0.0646322753507434,0.2919192034285547,-0.24130082981126086,0.04388082791299347,0.8048128136371853,0.34289112082932205,0.37413109678782464,0.8376713865090709,-0.5135680839451827,-0.2269126113592181,-0.34118342065733814,-0.8157371483180746,0.14169432061800707,0.7629309509826272
48,1083,Ryan Howard,Phi,,1.0,,,,,,,,128.0,561.0,63.0,22.0,1.0,23.0,46.0,89.0,60.0,0.0,0.228,0.306,0.39399999999999996,-0.058476820555434836,0.7204279506325265,-0.12885869103620923,-0.45476494382556826,-0.7888759262384291,0.9569511509677928,0.15678150531542465,1.435154543790862,0.8709995417884084,-0.9935092713565765,-1.425288706450062,-0.6659836697753234,-0.4877473800542682,-0.8631907167968573
49,4603,Javier Baez,ChC,,,1.0,,1.0,,,,,97.0,426.0,57.0,19.0,1.0,20.0,40.0,65.0,30.0,10.0,0.228,0.282,0.418,-1.0125723138283163,-0.5650982909793889,-0.4661851073613641,-0.8287492726294896,-0.7888759262384291,0.5885151328847104,-0.27791767762937536,0.24018822922727986,-0.7265784879041968,-0.03526344635987852,-1.425288706450062,-1.384800366780529,-0.0681195796060847,-6.750745813655124
0,161,Alex Rodriguez,NYY,,,,1.0,,,,,,106.0,430.0,60.0,16.0,1.0,17.0,34.0,49.0,47.0,11.0,0.247,0.32899999999999996,0.40700000000000003,-0.7355768480394151,-0.5270086245612581,-0.29752189919878663,-1.202733601433411,-0.7888759262384291,0.2200791148016279,-0.7126168605741754,-0.5564559804817748,0.17871572892161286,0.06056113613979128,-0.6896458339478568,0.022882331521330304,-0.2604489881448345,-5.288646251235579
1,5152,Mike Zunino,Sea,1.0,,,,,,,,,97.0,460.0,58.0,21.0,2.0,21.0,44.0,61.0,23.0,0.0,0.21100000000000002,0.27,0.402,-1.0125723138283163,-0.24133612642527688,-0.4099640379738383,-0.5794263867602087,-0.39045374126952553,0.7113271389124045,0.011881777667157974,0.04102717680001622,-1.0993466948324713,-0.9935092713565765,-2.08349548710993,-1.7442087152831303,-0.3478714465715394,-8.137948128031233
2,1735,Chase Headley,NYY,,,,1.0,,,,,,134.0,512.0,66.0,27.0,1.0,17.0,45.0,61.0,64.0,9.0,0.262,0.353,0.418,0.12618682330383252,0.2538295370104239,0.039804517126368184,0.1685422708476339,-0.7888759262384291,0.2200791148016279,0.08433164149129131,0.04102717680001622,1.0840099457474224,-0.13108802885954832,-0.10887514513032569,0.7416990285265359,-0.0681195796060847,1.6625513758207644
3,4687,Dalton Pompey,Tor,,,,,,,1.0,,,119.0,458.0,70.0,24.0,9.0,8.0,41.0,40.0,41.0,28.0,0.26,0.32299999999999995,0.40399999999999997,-0.33547228634433585,-0.26038095963434227,0.2646887946764714,-0.2054420579562874,2.3985015535127996,-0.8852289394476195,-0.20546781380524204,-1.004568348443118,-0.1407998770169082,1.6895790386341776,-0.1863112369726632,-0.1568218427299711,-0.3129024632008584,0.6593735612721028
4,737,Brandon Phillips,Cin,,,1.0,,,,,,,139.0,525.0,62.0,26.0,1.0,13.0,40.0,68.0,28.0,5.0,0.265,0.307,0.392,0.2800731931865553,0.3776209528693491,-0.18507976042373503,0.04388082791299347,-0.7888759262384291,-0.2711689093091487,-0.27791767762937536,0.3895590185477276,-0.8330836898837037,-0.5143863588582275,0.007278992633180549,-0.6360329740667732,-0.5227163634249492,-2.9308486746845355
5,3047,Brett Lawrie,Oak,,,1.0,1.0,,,,,,127.0,490.0,55.0,21.0,2.0,14.0,37.0,56.0,33.0,8.0,0.259,0.315,0.396,-0.0892540945319794,0.04433637171070434,-0.5786272461364157,-0.5794263867602087,-0.39045374126952553,-0.14835690328145457,-0.4952672691017754,-0.20792413873406335,-0.5668206849349362,-0.2269126113592181,-0.22502928289383192,-0.3964274083983713,-0.4527783966835853,-4.3129417923746605
6,1438,Rajai Davis,Det,,,,,,1.0,1.0,,,109.0,406.0,56.0,23.0,2.0,6.0,31.0,37.0,22.0,39.0,0.268,0.312,0.379,-0.6432450261097815,-0.755546623070043,-0.5224061767488899,-0.3301035008909278,-0.39045374126952553,-1.1308529515030077,-0.9299664520465755,-1.1539391377635657,-1.1525992958222249,2.7436494461305454,0.12343313039668678,-0.486279495524022,-0.750014755334382,-5.378324579555714
7,1330,Nick Markakis,Atl,,,,,,,,1.0,,165.0,600.0,80.0,28.0,1.0,12.0,41.0,50.0,60.0,3.0,0.275,0.34299999999999997,0.385,1.080282316576714,1.091802198209302,0.8268994885517295,0.29320371378227433,-0.7888759262384291,-0.3939809153368429,-0.20546781380524204,-0.5066657173749588,0.8709995417884084,-0.7060355238575671,0.394459451844868,0.44219207144103356,-0.6451078052223361,1.7537050803589533
8,1907,Denard Span*,Wsh,,,,,,,1.0,,,145.0,509.0,72.0,30.0,8.0,4.0,42.0,34.0,40.0,20.0,0.285,0.33799999999999997,0.39899999999999997,0.4647368370458227,0.22526228719682578,0.37713093345152304,0.5425265996515553,2.000079368543896,-1.376476963558396,-0.1330179499811087,-1.3033099270840134,-0.1940524780066617,0.9229823786368194,0.7816399110565533,0.2924385928982824,-0.40032492162756333,2.1996146682235342
9,3146,Avisail Garcia,CWS,,,,,,,,1.0,,116.0,435.0,55.0,15.0,2.0,14.0,31.0,54.0,24.0,8.0,0.267,0.312,0.40700000000000003,-0.42780410827396953,-0.47939654153859457,-0.5786272461364157,-1.3273950443680513,-0.39045374126952553,-0.14835690328145457,-0.9299664520465755,-0.3075046649476952,-1.046094093842718,-0.2269126113592181,0.08471508447551804,-0.486279495524022,-0.2604489881448345,-6.524524806257556
10,1206,Michael Morse,Mia,,1.0,,,,1.0,,,,112.0,420.0,52.0,28.0,3.0,15.0,46.0,57.0,29.0,0.0,0.267,0.322,0.455,-0.5509132041801478,-0.6222327906065851,-0.7472904542989931,0.29320371378227433,0.007968443699378078,-0.025544897253760405,0.15678150531542465,-0.15813387562724746,-0.7798310888939503,-0.9935092713565765,0.08471508447551804,-0.18677253843851968,0.5788066127515316,-2.9427527606316537
11,703,Mark Teixeira,NYY,,1.0,,,,,,,,107.0,458.0,60.0,19.0,0.0,22.0,41.0,70.0,60.0,1.0,0.23399999999999999,0.326,0.419,-0.7047995740628705,-0.26038095963434227,-0.29752189919878663,-0.8287492726294896,-1.1872981112073326,0.8341391449400987,-0.20546781380524204,0.48913954476135946,0.8709995417884084,-0.8976846888569067,-1.1929804309230505,-0.06696975560431874,-0.05063508792074372,-3.498209362353217
12,3029,Steven Souza,TB,,,,,,,,1.0,,97.0,370.0,51.0,21.0,1.0,12.0,34.0,53.0,45.0,17.0,0.262,0.344,0.42200000000000004,-1.0125723138283163,-1.0983536208332205,-0.8035115236865189,-0.5794263867602087,-0.7888759262384291,-0.3939809153368429,-0.7126168605741754,-0.35729492805451113,0.07221052694210585,0.6355086311378101,-0.10887514513032569,0.4721427671495838,0.0018183871352801906,-4.673827308077768
13,973,J.J. Hardy*,Bal,,,,,1.0,,,,,125.0,487.0,53.0,23.0,0.0,13.0,36.0,50.0,28.0,1.0,0.257,0.298,0.384,-0.1508086424850685,0.01576912189710622,-0.6910693849114673,-0.3301035008909278,-1.1872981112073326,-0.2711689093091487,-0.5677171329259088,-0.5066657173749588,-0.8330836898837037,-0.8976846888569067,-0.3024653747361694,-0.9055892354437253,-0.6625922969076771,-7.290477563035888
14,331,Torii Hunter,Min,,,,,,,,1.0,,137.0,493.0,63.0,28.0,2.0,14.0,44.0,64.0,22.0,4.0,0.278,0.313,0.428,0.2185186452334662,0.07290362152430246,-0.12885869103620923,0.29320371378227433,-0.39045374126952553,-0.14835690328145457,0.011881777667157974,0.19039796612046397,-1.1525992958222249,-0.6102109413578973,0.5106135896083742,-0.4563287998154718,0.10672533724732511,-1.4825637213994187
15,2869,Desmond Jennings,TB,,,,,,,1.0,,,132.0,534.0,79.0,32.0,4.0,13.0,49.0,44.0,55.0,21.0,0.247,0.32299999999999995,0.395,0.0646322753507434,0.46332270231014344,0.7706784191642037,0.7918494855208361,0.4063906286682817,-0.2711689093091487,0.37413109678782464,-0.8054072960158544,0.6047365368396409,1.0188069611364892,-0.6896458339478568,-0.1568218427299711,-0.47026288836892627,2.101241335406406
16,2911,Lonnie Chisenhall,Cle,,,,1.0,,,,,,136.0,502.0,64.0,31.0,1.0,16.0,48.0,63.0,39.0,3.0,0.271,0.331,0.43200000000000005,0.18774137125692164,0.15860537096509683,-0.07263762164868343,0.6671880425861957,-0.7888759262384291,0.09726710877393374,0.3016812329636913,0.14060770301364806,-0.24730507899641518,-0.7060355238575671,0.23958726816019302,0.08278372293843243,0.17666330398868998,0.23727097390570784
17,4622,Marcus Semien,Oak,,,1.0,1.0,,,,,,110.0,442.0,68.0,25.0,4.0,11.0,40.0,53.0,54.0,11.0,0.249,0.335,0.39799999999999996,-0.6124677521332369,-0.4127396253068656,0.15224665590141978,-0.08078061502164696,0.4063906286682817,-0.516792921364537,-0.27791767762937536,-0.35729492805451113,0.5514839358498874,0.06056113613979128,-0.6122097421055194,0.20258650577263337,-0.41780941331290433,-1.914743812596583
18,1125,Aaron Hill,Ari,,,1.0,,,,,,,132.0,488.0,65.0,30.0,3.0,15.0,48.0,64.0,34.0,5.0,0.27,0.321,0.436,0.0646322753507434,0.025291538501638927,-0.016416552261157624,0.5425265996515553,0.007968443699378078,-0.025544897253760405,0.3016812329636913,0.19039796612046397,-0.5135680839451827,-0.5143863588582275,0.2008692222390243,-0.2167232341470699,0.24660127073005295,0.29332942279114993
19,1460,Adam Lind,Mil,,1.0,,,,,,,1.0,128.0,447.0,58.0,25.0,2.0,18.0,45.0,62.0,45.0,1.0,0.28600000000000003,0.349,0.47200000000000003,-0.058476820555434836,-0.3651275422842021,-0.4099640379738383,-0.08078061502164696,-0.39045374126952553,0.34289112082932205,0.08433164149129131,0.09081743990683214,0.07221052694210585,-0.8976846888569067,0.8203579569777242,0.621896245692335,0.8760429714023282,0.7060604572803846
20,5654,Micah Johnson,CWS,,,1.0,,,,,,,101.0,397.0,40.0,16.0,6.0,4.0,26.0,36.0,31.0,18.0,0.254,0.309,0.355,-0.8894632179221379,-0.8412483725108374,-1.4219432869493027,-1.202733601433411,1.2032349986060888,-1.376476963558396,-1.2922157711672422,-1.2037294008703816,-0.6733258869144433,0.7313332136374798,-0.41861951249967566,-0.5761315826496727,-1.1696425557825656,-9.1309619400145
21,2237,Eric Young Jr.,Atl,,,,,,1.0,,,,82.0,335.0,52.0,14.0,5.0,2.0,21.0,20.0,29.0,32.0,0.245,0.312,0.33399999999999996,-1.4742314234764846,-1.4316382019918652,-0.7472904542989931,-1.4520564873026918,0.8048128136371853,-1.6221009756137843,-1.6544650902879088,-2.0003736105794365,-0.7798310888939503,2.0728773686328568,-0.7670819257901944,-0.486279495524022,-1.536816881174726,-11.074475452664013
22,1466,Miguel Montero,ChC,1.0,,,,,,,,,98.0,389.0,45.0,18.0,0.0,11.0,29.0,54.0,53.0,0.0,0.252,0.349,0.38299999999999995,-0.9817950398517716,-0.917427705347099,-1.1408379400116737,-0.95341071556413,-1.1872981112073326,-0.516792921364537,-1.074866179694842,-0.3075046649476952,0.4982313348601339,-0.9935092713565765,-0.4960556043420132,0.621896245692335,-0.680076788593019,-8.129447361728221
23,650,Josh Hamilton*,LAA,,,,,,1.0,,,,84.0,335.0,45.0,19.0,1.0,13.0,33.0,47.0,30.0,3.0,0.251,0.315,0.43,-1.4126768755233954,-1.4316382019918652,-1.1408379400116737,-0.8287492726294896,-0.7888759262384291,-0.2711689093091487,-0.7850667243983087,-0.6560365066954066,-0.7265784879041968,-0.7060355238575671,-0.5347736502631819,-0.3964274083983713,0.14169432061800707,-9.537171106603026
24,1894,Jed Lowrie,Hou,,,,,1.0,,,,,131.0,483.0,62.0,29.0,2.0,11.0,42.0,53.0,47.0,1.0,0.271,0.33799999999999997,0.408,0.03385500137419884,-0.02232054452102461,-0.18507976042373503,0.41786515671691477,-0.39045374126952553,-0.516792921364537,-0.1330179499811087,-0.35729492805451113,0.17871572892161286,-0.8976846888569067,0.23958726816019302,0.2924385928982824,-0.2429644964594945,-1.5831472828596416
25,2489,Josh Reddick*,Oak,,,,,,,,1.0,,118.0,466.0,67.0,22.0,6.0,18.0,46.0,67.0,43.0,4.0,0.253,0.316,0.442,-0.3662495603208804,-0.18420162679808064,0.09602558651389399,-0.45476494382556826,1.2032349986060888,0.34289112082932205,0.15678150531542465,0.33976875544091173,-0.03429467503740117,-0.6102109413578973,-0.4573375584208444,-0.36647671268982107,0.3515082208420988,0.016674169097246838
26,2068,Dexter Fowler,ChC,,,,,,,1.0,,,115.0,440.0,64.0,20.0,3.0,9.0,32.0,36.0,70.0,14.0,0.261,0.366,0.382,-0.4585813822505141,-0.431784458515931,-0.07263762164868343,-0.7040878296948492,0.007968443699378078,-0.7624169334199253,-0.857516588222442,-1.2037294008703816,1.4035255516859435,0.3480348836388007,-0.14759319105149443,1.1310580727376889,-0.6975612802783591,-2.4453217341907685
27,2071,John Jaso,TB,1.0,,,,,,,,1.0,119.0,435.0,61.0,25.0,3.0,12.0,40.0,56.0,52.0,4.0,0.27399999999999997,0.359,0.428,-0.33547228634433585,-0.47939654153859457,-0.24130082981126086,-0.08078061502164696,0.007968443699378078,-0.3939809153368429,-0.27791767762937536,-0.20792413873406335,0.4449787338703804,-0.6102109413578973,0.35574140592369713,0.9214032027778374,0.10672533724732511,-0.7901668222553992
28,1339,Angel Pagan,SF,,,,,,,1.0,,,127.0,448.0,66.0,25.0,6.0,5.0,36.0,35.0,32.0,18.0,0.28300000000000003,0.331,0.4,-0.0892540945319794,-0.35560512567966934,0.039804517126368184,-0.08078061502164696,1.2032349986060888,-1.253664957530702,-0.5677171329259088,-1.2535196639771975,-0.6200732859246897,0.7313332136374798,0.7042038192142179,0.08278372293843243,-0.3828404299422214,-1.842095034011428
29,2950,Alexi Amarista,SD,,,1.0,1.0,1.0,,1.0,,,99.0,403.0,41.0,15.0,3.0,5.0,23.0,39.0,26.0,10.0,0.24600000000000002,0.29,0.335,-0.951017765875227,-0.7841138728836412,-1.365722217561777,-1.3273950443680513,0.007968443699378078,-1.253664957530702,-1.5095653626396421,-1.054358611549934,-0.9395888918632108,-0.03526344635987852,-0.7283638798690245,-1.1451948011121271,-1.5193323894893842,-12.605612797403225
30,4527,Norichika Aoki,SF,,,,,,,,1.0,,136.0,496.0,64.0,22.0,5.0,3.0,30.0,36.0,43.0,18.0,0.27399999999999997,0.341,0.35700000000000004,0.18774137125692164,0.10147087133790059,-0.07263762164868343,-0.45476494382556826,0.8048128136371853,-1.4992889695860903,-1.0024163158707087,-1.2037294008703816,-0.03429467503740117,0.7313332136374798,0.35574140592369713,0.3822906800239348,-1.1346735724118826,-2.8384151434335965
31,4562,Joe Panik,SF,,,1.0,,,,,,,155.0,564.0,69.0,24.0,6.0,4.0,34.0,45.0,40.0,6.0,0.275,0.325,0.36,0.7725095768112683,0.7489952004461247,0.2084677252889456,-0.2054420579562874,1.2032349986060888,-1.376476963558396,-0.7126168605741754,-0.7556170329090385,-0.1940524780066617,-0.4185617763585577,0.394459451844868,-0.09692045131286897,-1.0822200973558607,-1.5142407650345509
32,1432,Michael Bourn,Cle,,,,,,,1.0,,,138.0,535.0,71.0,21.0,9.0,5.0,35.0,40.0,45.0,21.0,0.258,0.317,0.359,0.24929591921001076,0.4728451189146762,0.3209098640639972,-0.5794263867602087,2.3985015535127996,-1.253664957530702,-0.6401669967500421,-1.004568348443118,0.07221052694210585,1.0188069611364892,-0.2637473288150007,-0.3365260169812708,-1.0997045890412016,-0.6452346805414654
33,5507,Kennys Vargas,Min,,,,,,,,,1.0,117.0,469.0,57.0,21.0,1.0,19.0,41.0,71.0,39.0,0.0,0.249,0.31,0.42,-0.39702683429742497,-0.15563437698448251,-0.4661851073613641,-0.5794263867602087,-0.7888759262384291,0.4657031268570162,-0.20546781380524204,0.5389298078681753,-0.24730507899641518,-0.9935092713565765,-0.6122097421055194,-0.5461808869411225,-0.03315059623540274,-4.020339086356996
34,6182,Jung Ho Kang,Pit,,,,,1.0,,,,,66.0,259.0,37.0,16.0,1.0,10.0,27.0,28.0,24.0,9.0,0.255,0.331,0.44,-1.9666678071011976,-2.155341863936351,-1.5906064951118801,-1.202733601433411,-0.7888759262384291,-0.6396049273922312,-1.2197659073431089,-1.602051505724909,-1.046094093842718,-0.13108802885954832,-0.37990146657850693,0.08278372293843243,0.3165392374714169,-12.323408663152442
35,1798,Emilio Bonifacio,CWS,,,1.0,,,,1.0,,,104.0,432.0,52.0,16.0,4.0,3.0,23.0,25.0,33.0,31.0,0.24100000000000002,0.29600000000000004,0.317,-0.7971313959925043,-0.5079637913521927,-0.7472904542989931,-1.202733601433411,0.4063906286682817,-1.4992889695860903,-1.5095653626396421,-1.7514222950453566,-0.5668206849349362,1.977052786133187,-0.9219541094748683,-0.9654906268608241,-1.8340532398255218,-9.920271116642873
36,2171,Trevor Plouffe,Min,,,,1.0,,,,,,132.0,511.0,63.0,33.0,2.0,17.0,52.0,67.0,48.0,2.0,0.258,0.326,0.431,0.0646322753507434,0.2443071204058912,-0.12885869103620923,0.9165109284554765,-0.39045374126952553,0.2200791148016279,0.5914806882602247,0.33976875544091173,0.23196832991136637,-0.8018601063572369,-0.2637473288150007,-0.06696975560431874,0.15917881230334804,1.1160364018472988
37,4805,Jace Peterson,Atl,,,1.0,,1.0,,,,,56.0,244.0,29.0,12.0,3.0,1.0,16.0,23.0,26.0,9.0,0.23,0.305,0.316,-2.274440546866643,-2.2981781130043415,-2.0403750502120865,-1.7013793731719726,0.007968443699378078,-1.7449129816414786,-2.0167144094085754,-1.8510028212589886,-0.9395888918632108,-0.13108802885954832,-1.3478526146077245,-0.6959343654838737,-1.8515377315108628,-18.88503648418993
38,3859,Didi Gregorius,NYY,,,,,1.0,,,,,118.0,464.0,64.0,19.0,5.0,8.0,32.0,42.0,40.0,4.0,0.254,0.321,0.369,-0.3662495603208804,-0.20324646000714605,-0.07263762164868343,-0.8287492726294896,0.8048128136371853,-0.8852289394476195,-0.857516588222442,-0.9049878222294861,-0.1940524780066617,-0.6102109413578973,-0.41861951249967566,-0.2167232341470699,-0.9248596721877917,-5.678269289067657
39,3895,Juan Lagares,NYM,,,,,,,1.0,,,144.0,555.0,60.0,29.0,5.0,6.0,40.0,51.0,28.0,17.0,0.259,0.3,0.36200000000000004,0.43395956306927813,0.6632934510053303,-0.29752189919878663,0.41786515671691477,0.8048128136371853,-1.1308529515030077,-0.27791767762937536,-0.4568754542681429,-0.8330836898837037,0.6355086311378101,-0.22502928289383192,-0.8456878440266249,-1.0472511139851777,-2.1587802978221324
40,4631,C.J. Cron,LAA,,1.0,,,,,,,1.0,97.0,373.0,44.0,21.0,1.0,15.0,37.0,56.0,17.0,3.0,0.26,0.303,0.442,-1.0125723138283163,-1.0697863710196225,-1.1970590093991995,-0.5794263867602087,-0.7888759262384291,-0.025544897253760405,-0.4952672691017754,-0.20792413873406335,-1.4188623007709924,-0.7060355238575671,-0.1863112369726632,-0.7558357569009742,0.3515082208420988,-8.091992909995472
41,5300,Jose Ramirez,Cle,,,,,1.0,,,,,82.0,306.0,42.0,13.0,2.0,3.0,18.0,25.0,20.0,20.0,0.268,0.311,0.353,-1.4742314234764846,-1.7077882835233138,-1.3095011481742511,-1.5767179302373322,-0.39045374126952553,-1.4992889695860903,-1.8718146817603087,-1.7514222950453566,-1.2591044978017318,0.9229823786368194,0.12343313039668678,-0.5162301912325723,-1.2046115391532475,-13.51474919222671
42,2820,Mike Moustakas,KC,,,,1.0,,,,,,118.0,495.0,51.0,27.0,1.0,16.0,44.0,55.0,36.0,2.0,0.23800000000000002,0.293,0.39399999999999996,-0.3662495603208804,0.09194845473336788,-0.8035115236865189,0.1685422708476339,-0.7888759262384291,0.09726710877393374,0.011881777667157974,-0.2577144018408793,-0.4070628819656757,-0.8018601063572369,-1.0381082472383745,-1.0553427139864764,-0.4877473800542682,-5.6368331296666465
43,2222,Jon Jay,StL,,,,,,1.0,1.0,1.0,,85.0,296.0,39.0,13.0,2.0,3.0,18.0,31.0,22.0,6.0,0.287,0.358,0.375,-1.381899601546851,-1.8030124495686408,-1.4781643563368285,-1.5767179302373322,-0.39045374126952553,-1.4992889695860903,-1.8718146817603087,-1.4526807164044613,-1.1525992958222249,-0.4185617763585577,0.8590760028988909,0.8914525070692871,-0.8199527220757459,-12.09461773099839
44,1346,James Loney,TB,,1.0,,,,,,,,157.0,549.0,52.0,26.0,0.0,9.0,35.0,62.0,39.0,3.0,0.28600000000000003,0.33299999999999996,0.38299999999999995,0.8340641247643574,0.606158951378134,-0.7472904542989931,0.04388082791299347,-1.1872981112073326,-0.7624169334199253,-0.6401669967500421,0.09081743990683214,-0.24730507899641518,-0.7060355238575671,0.8203579569777242,0.14268511435553125,-0.680076788593019,-2.4326254718277216
45,3093,Jordy Mercer,Pit,,,,,1.0,,,,,131.0,504.0,53.0,29.0,2.0,11.0,42.0,51.0,35.0,5.0,0.26,0.312,0.391,0.03385500137419884,0.17765020417416225,-0.6910693849114673,0.41786515671691477,-0.39045374126952553,-0.516792921364537,-0.1330179499811087,-0.4568754542681429,-0.46031548295542923,-0.5143863588582275,-0.1863112369726632,-0.486279495524022,-0.5402008551102903,-3.7463325189501373
46,3000,Derek Norris,SD,1.0,,,,,,,,,100.0,398.0,52.0,19.0,2.0,10.0,31.0,52.0,55.0,5.0,0.251,0.34299999999999997,0.384,-0.9202404918986825,-0.8317259559063047,-0.7472904542989931,-0.8287492726294896,-0.39045374126952553,-0.6396049273922312,-0.9299664520465755,-0.407085191161327,0.6047365368396409,-0.5143863588582275,-0.5347736502631819,0.44219207144103356,-0.6625922969076771,-6.359940184351541
47,2745,Allen Craig,Bos,,1.0,,,,,,1.0,,105.0,391.0,48.0,22.0,1.0,11.0,34.0,56.0,31.0,2.0,0.26899999999999996,0.32899999999999996,0.414,-0.7663541220159596,-0.8983828721380337,-0.9721747318490963,-0.45476494382556826,-0.7888759262384291,-0.516792921364537,-0.7126168605741754,-0.20792413873406335,-0.6733258869144433,-0.8018601063572369,0.1621511763178534,0.022882331521330304,-0.13805754634744863,-6.746096548519809
48,1123,Kendrys Morales,KC,,1.0,,,,,,,1.0,126.0,485.0,53.0,28.0,0.0,17.0,45.0,61.0,36.0,0.0,0.26,0.314,0.423,-0.12003136850852396,-0.0032757113119591947,-0.6910693849114673,0.29320371378227433,-1.1872981112073326,0.2200791148016279,0.08433164149129131,0.04102717680001622,-0.4070628819656757,-0.9935092713565765,-0.1863112369726632,-0.42637810410692156,0.0193028788206202,-3.35699154464529
49,2061,Luis Valbuena,Hou,,,1.0,1.0,,,,,,91.0,371.0,49.0,23.0,2.0,13.0,38.0,40.0,52.0,1.0,0.245,0.34,0.423,-1.1972359576875835,-1.0888312042286878,-0.9159536624615705,-0.3301035008909278,-0.39045374126952553,-0.2711689093091487,-0.42281740527764206,-1.004568348443118,0.4449787338703804,-0.8976846888569067,-0.7670819257901944,0.35233998431538455,0.0193028788206202,-6.4692777472089205
0,806,Omar Infante,KC,,,1.0,,,,,,,142.0,533.0,56.0,24.0,4.0,9.0,37.0,58.0,28.0,9.0,0.266,0.301,0.377,0.372405015116189,0.45380028570561076,-0.5224061767488899,-0.2054420579562874,0.4063906286682817,-0.7624169334199253,-0.4952672691017754,-0.10834361252043152,-0.8330836898837037,-0.13108802885954832,0.04599703855434929,-0.8157371483180746,-0.7849837387050639,-3.3801756874692694
1,2697,Dustin Ackley,Sea,,,,,,1.0,,,,136.0,538.0,70.0,27.0,3.0,12.0,42.0,57.0,45.0,7.0,0.253,0.313,0.381,0.18774137125692164,0.5014123687282743,0.2646887946764714,0.1685422708476339,0.007968443699378078,-0.3939809153368429,-0.1330179499811087,-0.15813387562724746,0.07221052694210585,-0.3227371938588879,-0.4573375584208444,-0.4563287998154718,-0.7150457719637,-1.4340182888533182
2,3188,DJ LeMahieu,Col,,,1.0,,,,,,,147.0,527.0,64.0,21.0,6.0,4.0,31.0,45.0,32.0,16.0,0.27899999999999997,0.32,0.364,0.5262913849989118,0.3966657860784145,-0.07263762164868343,-0.5794263867602087,1.2032349986060888,-1.376476963558396,-0.9299664520465755,-0.7556170329090385,-0.6200732859246897,0.5396840486381402,0.5493316355295409,-0.24667392985562014,-1.0122821306144967,-2.3779459494666124
3,2838,Brandon Crawford,SF,,,,,1.0,,,,,124.0,501.0,54.0,23.0,9.0,9.0,41.0,58.0,52.0,3.0,0.248,0.318,0.38299999999999995,-0.18158591646161307,0.14908295436056412,-0.6348483155239415,-0.3301035008909278,2.3985015535127996,-0.7624169334199253,-0.20546781380524204,-0.10834361252043152,0.4449787338703804,-0.7060355238575671,-0.6509277880266882,-0.30657532127272064,-0.680076788593019,-1.573818272628332
4,2430,Everth Cabrera,Bal,,,,,1.0,,,,,61.0,245.0,29.0,10.0,1.0,2.0,13.0,15.0,20.0,19.0,0.249,0.306,0.322,-2.1205541769839202,-2.288655696399809,-2.0403750502120865,-1.9507022590412535,-0.7888759262384291,-1.6221009756137843,-2.2340640008809753,-2.2493249261135158,-1.2591044978017318,0.8271577961371497,-0.6122097421055194,-0.6659836697753234,-1.746630781398817,-18.751423906428016
5,1204,Stephen Drew,NYY,,,1.0,,1.0,,,,,85.0,388.0,42.0,20.0,2.0,13.0,35.0,46.0,44.0,3.0,0.21899999999999997,0.297,0.381,-1.381899601546851,-0.9269501219516317,-1.3095011481742511,-0.7040878296948492,-0.39045374126952553,-0.2711689093091487,-0.6401669967500421,-0.7058267698022225,0.018957925952352336,-0.7060355238575671,-1.7737511197405817,-0.9355399311522755,-0.7150457719637,-10.441469539260295
6,4461,Jonathan Schoop,Bal,,,1.0,,,,,,,111.0,505.0,56.0,21.0,0.0,18.0,39.0,53.0,21.0,2.0,0.22,0.263,0.368,-0.5816904781566924,0.18717262077869495,-0.5224061767488899,-0.5794263867602087,-1.1872981112073326,0.34289112082932205,-0.35036754145350874,-0.35729492805451113,-1.2058518968119782,-0.8018601063572369,-1.735033073819412,-1.9538635852429818,-0.9423441638731328,-9.687372706877868
7,2224,David Freese,LAA,,,,1.0,,,,,,127.0,482.0,57.0,25.0,1.0,12.0,38.0,59.0,43.0,1.0,0.263,0.33,0.39399999999999996,-0.0892540945319794,-0.03184296112555732,-0.4661851073613641,-0.08078061502164696,-0.7888759262384291,-0.3939809153368429,-0.42281740527764206,-0.05855334941361561,-0.03429467503740117,-0.8976846888569067,-0.07015709920915694,0.0528330272298822,-0.4877473800542682,-3.769341190234928
8,1605,Jarrod Saltalamacchia,Mia,1.0,,,,,,,,,96.0,414.0,54.0,24.0,0.0,15.0,39.0,51.0,53.0,1.0,0.23199999999999998,0.318,0.39899999999999997,-1.0433495878048606,-0.6793672902337814,-0.6348483155239415,-0.2054420579562874,-1.1872981112073326,-0.025544897253760405,-0.35036754145350874,-0.4568754542681429,0.4982313348601339,-0.8976846888569067,-1.270416522765388,-0.30657532127272064,-0.40032492162756333,-6.959863375364061
9,2060,Casey McGehee,SF,,,,1.0,,,,,,146.0,563.0,52.0,24.0,1.0,6.0,31.0,63.0,62.0,3.0,0.259,0.33,0.337,0.49551411102236725,0.739472783841592,-0.7472904542989931,-0.2054420579562874,-0.7888759262384291,-1.1308529515030077,-0.9299664520465755,0.14060770301364806,0.9775047437679154,-0.7060355238575671,-0.22502928289383192,0.0528330272298822,-1.484363406118702,-3.8119236860379893
10,5436,Devon Travis,Tor,,,1.0,,,,,,,97.0,379.0,56.0,18.0,6.0,8.0,32.0,42.0,28.0,13.0,0.256,0.308,0.39799999999999996,-1.0125723138283163,-1.0126518713924262,-0.5224061767488899,-0.95341071556413,1.2032349986060888,-0.8852289394476195,-0.857516588222442,-0.9049878222294861,-0.8330836898837037,0.2522103011391309,-0.34118342065733814,-0.6060822783582229,-0.41780941331290433,-6.89148792990026
11,3510,Anthony Gose,Det,,,,,,,1.0,,,84.0,365.0,53.0,10.0,7.0,4.0,21.0,28.0,30.0,23.0,0.23,0.297,0.32899999999999996,-1.4126768755233954,-1.1459657038558841,-0.6910693849114673,-1.9507022590412535,1.6016571835749922,-1.376476963558396,-1.6544650902879088,-1.602051505724909,-0.7265784879041968,1.2104561261358289,-1.3478526146077245,-0.9355399311522755,-1.624239339601431,-11.655504846458022
12,197,Derek Jeter,NYY,,,,,1.0,,,,,0.0,0.0,0.0,0.0,0.0,0.0,0.0,0.0,0.0,0.0,0.0,0.0,0.0,-3.9979678895531383,-4.621647764510322,-3.6707860624503352,-3.197316688387658,-1.1872981112073326,-1.8677249876691726,-3.175912230594709,-2.996178872715755,-2.3241565175968018,-0.9935092713565765,-10.253003176476529,-9.830896556591687,-7.376637104078608,-55.49303523318862
13,848,Shane Victorino,Bos,,,,,,,,1.0,,94.0,349.0,49.0,19.0,3.0,7.0,29.0,35.0,21.0,15.0,0.26899999999999996,0.322,0.401,-1.1049041357579499,-1.2983243695284072,-0.9159536624615705,-0.8287492726294896,0.007968443699378078,-1.0080409454753136,-1.074866179694842,-1.2535196639771975,-1.2058518968119782,0.44385946613847044,0.1621511763178534,-0.18677253843851968,-0.3653559382568804,-8.628359516876447
14,1728,Kurt Suzuki,Min,1.0,,,,,,,,,106.0,395.0,34.0,26.0,0.0,4.0,30.0,46.0,28.0,1.0,0.268,0.322,0.365,-0.7355768480394151,-0.8602932057199029,-1.7592697032744575,0.04388082791299347,-1.1872981112073326,-1.376476963558396,-1.0024163158707087,-0.7058267698022225,-0.8330836898837037,-0.8976846888569067,0.12343313039668678,-0.18677253843851968,-0.9947976389291557,-10.37218251527104
15,3024,Wilmer Flores,NYM,,,,,1.0,,,,,73.0,276.0,35.0,15.0,1.0,8.0,24.0,42.0,14.0,1.0,0.264,0.299,0.413,-1.7512268892653855,-1.9934607816592949,-1.7030486338869317,-1.3273950443680513,-0.7888759262384291,-0.8852289394476195,-1.4371154988155088,-0.9049878222294861,-1.5786201037402527,-0.8976846888569067,-0.0314390532879882,-0.875638539735175,-0.1555420380327896,-14.330263959563819
16,5366,Odubel Herrera,Phi,,,,,1.0,,,,,84.0,351.0,32.0,11.0,3.0,1.0,15.0,30.0,17.0,10.0,0.239,0.27699999999999997,0.29600000000000004,-1.4126768755233954,-1.2792795363193419,-1.8717118420495091,-1.826040816106613,0.007968443699378078,-1.7449129816414786,-2.0891642732327087,-1.5024709795112772,-1.4188623007709924,-0.03526344635987852,-0.9993902013172069,-1.5345538453232803,-2.2012275652176814,-17.907586219673984
17,1885,Colby Rasmus,Hou,,,,,,,1.0,,,89.0,374.0,48.0,17.0,2.0,18.0,37.0,47.0,33.0,3.0,0.23800000000000002,0.302,0.439,-1.2587905056406727,-1.0602639544150896,-0.9721747318490963,-1.0780721584987705,-0.39045374126952553,0.34289112082932205,-0.4952672691017754,-0.6560365066954066,-0.5668206849349362,-0.7060355238575671,-1.0381082472383745,-0.7857864526095244,0.2990547457860759,-8.36586390949534
18,4697,Michael Taylor,Wsh,,,,,,,1.0,,,41.0,168.0,26.0,6.0,0.0,6.0,12.0,19.0,17.0,11.0,0.244,0.321,0.387,-2.7360996565148117,-3.0218817749488274,-2.209038258374664,-2.449348030779815,-1.1872981112073326,-1.1308529515030077,-2.3065138647051087,-2.050163873686252,-1.4188623007709924,0.06056113613979128,-0.8057999717113631,-0.2167232341470699,-0.6101388218516541,-20.082159714061106
19,2711,Jose Iglesias,Det,,,,,1.0,,,,,120.0,478.0,54.0,15.0,2.0,5.0,22.0,36.0,26.0,11.0,0.251,0.301,0.322,-0.3046950123677913,-0.06993262754368815,-0.6348483155239415,-1.3273950443680513,-0.39045374126952553,-1.253664957530702,-1.5820152264637755,-1.2037294008703816,-0.9395888918632108,0.06056113613979128,-0.5347736502631819,-0.8157371483180746,-1.746630781398817,-10.74290366164135
20,3310,Chris Owings,Ari,,,,,1.0,,,,,101.0,391.0,51.0,18.0,5.0,6.0,29.0,36.0,16.0,11.0,0.258,0.29,0.376,-0.8894632179221379,-0.8983828721380337,-0.8035115236865189,-0.95341071556413,0.8048128136371853,-1.1308529515030077,-1.074866179694842,-1.2037294008703816,-1.4721149017607458,0.06056113613979128,-0.2637473288150007,-1.1451948011121271,-0.8024682303904049,-9.772368173680354
21,5601,Alex Guerrero,LAD,,,1.0,,,,,,,41.0,154.0,19.0,7.0,2.0,7.0,16.0,23.0,5.0,2.0,0.266,0.301,0.474,-2.7360996565148117,-3.1551956074122853,-2.6025857440873446,-2.3246865878451746,-0.39045374126952553,-1.0080409454753136,-2.0167144094085754,-1.8510028212589886,-2.057893512648034,-0.8018601063572369,0.04599703855434929,-0.8157371483180746,0.9110119547730092,-18.803261287268004
22,3285,Brock Holt,Bos,,,,1.0,,,,1.0,,45.0,162.0,22.0,9.0,2.0,2.0,13.0,13.0,13.0,5.0,0.278,0.335,0.395,-2.612990560608633,-3.0790162745760234,-2.433922535924767,-2.0753637019758937,-0.39045374126952553,-1.6221009756137843,-2.2340640008809753,-2.3489054523271475,-1.6318727047300063,-0.5143863588582275,0.5106135896083742,0.20258650577263337,-0.47026288836892627,-18.700139099752903
23,4683,Brad Miller,Sea,,,,,1.0,,,,,99.0,414.0,56.0,16.0,5.0,11.0,32.0,46.0,40.0,6.0,0.239,0.307,0.382,-0.951017765875227,-0.6793672902337814,-0.5224061767488899,-1.202733601433411,0.8048128136371853,-0.516792921364537,-0.857516588222442,-0.7058267698022225,-0.1940524780066617,-0.4185617763585577,-0.9993902013172069,-0.6360329740667732,-0.6975612802783591,-7.576447010070884
24,5359,Billy Burns,Oak,,,,,,,1.0,,,27.0,120.0,17.0,5.0,1.0,0.0,6.0,6.0,11.0,12.0,0.225,0.293,0.28300000000000003,-3.1669814921864354,-3.4789577719663973,-2.715027882862396,-2.5740094737144554,-0.7888759262384291,-1.8677249876691726,-2.741213047649909,-2.697437294074859,-1.7383779067095133,0.15638571863946107,-1.5414428442135681,-1.0553427139864764,-2.428525957127114,-26.637531579759262
25,2689,Michael Saunders*,Tor,,,,,,,,1.0,,101.0,382.0,61.0,25.0,4.0,15.0,44.0,51.0,46.0,10.0,0.264,0.34,0.469,-0.8894632179221379,-0.984084621578828,-0.24130082981126086,-0.08078061502164696,0.4063906286682817,-0.025544897253760405,0.011881777667157974,-0.4568754542681429,0.12546312793185935,-0.03526344635987852,-0.0314390532879882,0.35233998431538455,0.8235894963463043,-1.0250871205746557
26,1376,Carlos Ruiz,Phi,1.0,,,,,,,,,106.0,392.0,45.0,27.0,1.0,8.0,36.0,41.0,38.0,3.0,0.27,0.35100000000000003,0.406,-0.7355768480394151,-0.8888604555335009,-1.1408379400116737,0.1685422708476339,-0.7888759262384291,-0.8852289394476195,-0.5677171329259088,-0.954778085336302,-0.3005576799861687,-0.7060355238575671,0.2008692222390243,0.6817976371094371,-0.2779334798301755,-6.195192881010665
27,4958,Jose Peraza,Atl,,,1.0,,,,,,,84.0,302.0,45.0,9.0,3.0,1.0,13.0,22.0,8.0,27.0,0.278,0.301,0.33799999999999997,-1.4126768755233954,-1.7458779499414445,-1.1408379400116737,-2.0753637019758937,0.007968443699378078,-1.7449129816414786,-2.2340640008809753,-1.9007930843658045,-1.8981357096787739,1.5937544561345078,0.5106135896083742,-0.8157371483180746,-1.4668789144333623,-14.322941817328617
28,5150,Byron Buxton,Min,,,,,,,1.0,,,40.0,155.0,25.0,6.0,4.0,5.0,15.0,17.0,16.0,7.0,0.258,0.33299999999999996,0.445,-2.766876930491356,-3.1456731908077527,-2.2652593277621897,-2.449348030779815,0.4063906286682817,-1.253664957530702,-2.0891642732327087,-2.149744399899884,-1.4721149017607458,-0.3227371938588879,-0.2637473288150007,0.14268511435553125,0.40396169589812175,-17.22529309601711
29,2089,Francisco Cervelli,Pit,1.0,,,,,,,,,87.0,353.0,42.0,20.0,2.0,3.0,25.0,31.0,31.0,3.0,0.24600000000000002,0.33,0.34,-1.3203450535937618,-1.2602347031102765,-1.3095011481742511,-0.7040878296948492,-0.39045374126952553,-1.4992889695860903,-1.3646656349913755,-1.4526807164044613,-0.6733258869144433,-0.7060355238575671,-0.7283638798690245,0.0528330272298822,-1.4319099310626793,-12.788059991298422
30,3494,Stephen Vogt,Oak,,1.0,,,,,,,,99.0,362.0,45.0,17.0,4.0,10.0,31.0,48.0,28.0,1.0,0.273,0.325,0.425,-0.951017765875227,-1.1745329536694822,-1.1408379400116737,-1.0780721584987705,0.4063906286682817,-0.6396049273922312,-0.9299664520465755,-0.6062462435885907,-0.8330836898837037,-0.8976846888569067,0.3170233600025305,-0.09692045131286897,0.05427186219130216,-7.570281420273914
31,3690,Mike Olt,ChC,,,,1.0,,,,,,44.0,213.0,26.0,10.0,0.0,10.0,20.0,31.0,23.0,1.0,0.207,0.28600000000000003,0.39399999999999996,-2.643767834585178,-2.5933730277448555,-2.209038258374664,-1.9507022590412535,-1.1872981112073326,-0.6396049273922312,-1.726914954112042,-1.4526807164044613,-1.0993466948324713,-0.8976846888569067,-2.238367670794606,-1.2649975839463266,-0.4877473800542682,-20.391524107346598
32,5890,David Peralta,Ari,,,,,,1.0,,1.0,,123.0,444.0,57.0,23.0,9.0,10.0,42.0,62.0,24.0,6.0,0.27699999999999997,0.317,0.43700000000000006,-0.21236319043815763,-0.3936947920978002,-0.4661851073613641,-0.3301035008909278,2.3985015535127996,-0.6396049273922312,-0.1330179499811087,0.09081743990683214,-1.046094093842718,-0.4185617763585577,0.4718955436872034,-0.3365260169812708,0.2640857624153949,-0.7508510558219057
33,2212,Chris Johnson,Atl,,,,1.0,,,,,,155.0,580.0,48.0,30.0,1.0,11.0,42.0,62.0,27.0,4.0,0.267,0.302,0.379,0.7725095768112683,0.901353866118648,-0.9721747318490963,0.5425265996515553,-0.7888759262384291,-0.516792921364537,-0.1330179499811087,0.09081743990683214,-0.8863362908734572,-0.6102109413578973,0.08471508447551804,-0.7857864526095244,-0.750014755334382,-3.0512874026446104
34,1663,Alejandro De Aza,Bal,,,,,,1.0,,,,121.0,448.0,59.0,23.0,5.0,9.0,37.0,41.0,35.0,17.0,0.27,0.32899999999999996,0.40399999999999997,-0.2739177383912468,-0.35560512567966934,-0.35374296858631243,-0.3301035008909278,0.8048128136371853,-0.7624169334199253,-0.4952672691017754,-0.954778085336302,-0.46031548295542923,0.6355086311378101,0.2008692222390243,0.022882331521330304,-0.3129024632008584,-2.6349765690270965
35,2822,Jarrod Dyson,KC,,,,,,,1.0,,,53.0,216.0,30.0,5.0,4.0,1.0,10.0,15.0,19.0,28.0,0.245,0.308,0.319,-2.3667723687962767,-2.5648057779312574,-1.9841539808245607,-2.5740094737144554,0.4063906286682817,-1.7449129816414786,-2.4514135923533753,-2.2493249261135158,-1.3123570987914854,1.6895790386341776,-0.7670819257901944,-0.6060822783582229,-1.79908425645484,-18.324028993467206
36,4605,Francisco Lindor,Cle,,,,,1.0,,,,,86.0,346.0,45.0,10.0,2.0,6.0,18.0,36.0,28.0,17.0,0.249,0.304,0.341,-1.3511223275703064,-1.3268916193420055,-1.1408379400116737,-1.9507022590412535,-0.39045374126952553,-1.1308529515030077,-1.8718146817603087,-1.2037294008703816,-0.8330836898837037,0.6355086311378101,-0.6122097421055194,-0.7258850611924239,-1.4144254393773383,-13.316500222789639
37,2432,Tyler Flowers,CWS,1.0,,,,,,,,,88.0,402.0,42.0,15.0,0.0,17.0,32.0,44.0,25.0,0.0,0.21899999999999997,0.278,0.38299999999999995,-1.2895677796172171,-0.7936362894881739,-1.3095011481742511,-1.3273950443680513,-1.1872981112073326,0.2200791148016279,-0.857516588222442,-0.8054072960158544,-0.9928414928529643,-0.9935092713565765,-1.7737511197405817,-1.5046031496147283,-0.680076788593019,-13.295024964449563
38,3884,Randal Grichuk,StL,,,,,,,,1.0,,94.0,394.0,55.0,20.0,3.0,15.0,38.0,45.0,18.0,6.0,0.239,0.27899999999999997,0.419,-1.1049041357579499,-0.8698156223244355,-0.5786272461364157,-0.7040878296948492,0.007968443699378078,-0.025544897253760405,-0.42281740527764206,-0.7556170329090385,-1.3656096997812388,-0.4185617763585577,-0.9993902013172069,-1.4746524539061798,-0.05063508792074372,-8.76229494493864
39,3933,Kevin Kiermaier,TB,,,,,,,1.0,1.0,,117.0,446.0,64.0,19.0,12.0,10.0,41.0,39.0,31.0,13.0,0.262,0.315,0.426,-0.39702683429742497,-0.37464995888873476,-0.07263762164868343,-0.8287492726294896,3.59376810841951,-0.6396049273922312,-0.20546781380524204,-1.054358611549934,-0.6733258869144433,0.2522103011391309,-0.10887514513032569,-0.3964274083983713,0.07175635387664314,-0.8333887172195958
40,653,Juan Uribe,LAD,,,,1.0,,,,,,102.0,377.0,36.0,20.0,0.0,9.0,29.0,45.0,20.0,2.0,0.271,0.309,0.395,-0.8586859439455934,-1.0316967046014915,-1.646827564499406,-0.7040878296948492,-1.1872981112073326,-0.7624169334199253,-1.074866179694842,-0.7556170329090385,-1.2591044978017318,-0.8018601063572369,0.23958726816019302,-0.5761315826496727,-0.47026288836892627,-10.889268106989853
41,2001,Travis Snider,Bal,,,,,,1.0,,1.0,,93.0,360.0,48.0,17.0,2.0,14.0,33.0,47.0,38.0,2.0,0.258,0.32899999999999996,0.433,-1.1356814097344945,-1.1935777868785475,-0.9721747318490963,-1.0780721584987705,-0.39045374126952553,-0.14835690328145457,-0.7850667243983087,-0.6560365066954066,-0.3005576799861687,-0.8018601063572369,-0.2637473288150007,0.022882331521330304,0.19414779567403,-7.5085549505686515
42,2472,Jason Castro,Hou,1.0,,,,,,,,,79.0,327.0,36.0,19.0,1.0,10.0,30.0,38.0,30.0,1.0,0.242,0.312,0.39799999999999996,-1.5665632454061182,-1.5078175348281269,-1.646827564499406,-0.8287492726294896,-0.7888759262384291,-0.6396049273922312,-1.0024163158707087,-1.1041488746567498,-0.7265784879041968,-0.8976846888569067,-0.8832360635537007,-0.486279495524022,-0.41780941331290433,-12.496591810672989
43,404,A.J. Pierzynski,Atl,1.0,,,,,,,,,84.0,333.0,31.0,12.0,1.0,10.0,23.0,40.0,12.0,0.0,0.252,0.28600000000000003,0.384,-1.4126768755233954,-1.4506830352009306,-1.927932911437035,-1.7013793731719726,-0.7888759262384291,-0.6396049273922312,-1.5095653626396421,-1.004568348443118,-1.68512530571976,-0.9935092713565765,-0.4960556043420132,-1.2649975839463266,-0.6625922969076771,-15.537566822319107
44,2210,Drew Stubbs,Col,,,,,,,1.0,,,96.0,390.0,60.0,17.0,3.0,12.0,32.0,38.0,33.0,19.0,0.24600000000000002,0.305,0.397,-1.0433495878048606,-0.9079052887425664,-0.29752189919878663,-1.0780721584987705,0.007968443699378078,-0.3939809153368429,-0.857516588222442,-1.1041488746567498,-0.5668206849349362,0.8271577961371497,-0.7283638798690245,-0.6959343654838737,-0.43529390499824433,-7.27378190791057
45,2783,Domonic Brown*,Phi,,,,,,1.0,,,,117.0,462.0,53.0,23.0,2.0,14.0,39.0,64.0,36.0,7.0,0.253,0.306,0.40299999999999997,-0.39702683429742497,-0.22229129321621147,-0.6910693849114673,-0.3301035008909278,-0.39045374126952553,-0.14835690328145457,-0.35036754145350874,0.19039796612046397,-0.4070628819656757,-0.3227371938588879,-0.4573375584208444,-0.6659836697753234,-0.3303869548861994,-4.522779492106988
46,2383,Alex Avila,Det,1.0,,,,,,,,,75.0,343.0,39.0,18.0,0.0,10.0,28.0,41.0,50.0,0.0,0.21899999999999997,0.32,0.359,-1.6896723413122965,-1.3554588691556035,-1.4781643563368285,-0.95341071556413,-1.1872981112073326,-0.6396049273922312,-1.1473160435189755,-0.954778085336302,0.33847353189087337,-0.9935092713565765,-1.7737511197405817,-0.24667392985562014,-1.0997045890412016,-13.180868827926805
47,967,Dioner Navarro,Tor,1.0,,,,,,,,1.0,80.0,289.0,27.0,14.0,0.0,9.0,23.0,40.0,21.0,1.0,0.27699999999999997,0.324,0.419,-1.5357859714295736,-1.8696693658003698,-2.152817188987138,-1.4520564873026918,-1.1872981112073326,-0.7624169334199253,-1.5095653626396421,-1.004568348443118,-1.2058518968119782,-0.8976846888569067,0.4718955436872034,-0.12687114702141922,-0.05063508792074372,-13.283325046153635
48,1933,Matt Joyce,LAA,,,,,,1.0,,,1.0,107.0,444.0,57.0,23.0,2.0,14.0,39.0,52.0,60.0,4.0,0.24100000000000002,0.332,0.396,-0.7047995740628705,-0.3936947920978002,-0.4661851073613641,-0.3301035008909278,-0.39045374126952553,-0.14835690328145457,-0.35036754145350874,-0.407085191161327,0.8709995417884084,-0.6102109413578973,-0.9219541094748683,0.11273441864698266,-0.4527783966835853,-4.192255838659738
49,4234,Christian Bethancourt,Atl,1.0,,,,,,,,,91.0,362.0,32.0,14.0,0.0,6.0,20.0,39.0,11.0,8.0,0.251,0.27399999999999997,0.34,-1.1972359576875835,-1.1745329536694822,-1.8717118420495091,-1.4520564873026918,-1.1872981112073326,-1.1308529515030077,-1.726914954112042,-1.054358611549934,-1.7383779067095133,-0.2269126113592181,-0.5347736502631819,-1.6244059324489308,-1.4319099310626793,-16.351341900925107
